Forum|Person
0|297
0|3646
0|2098
1|1901
1|1931
1|3363
1|209
1|8064
1|5084
1|7794
2|9760
3|2004
3|1542
4|8591
4|4778
4|7621
4|569
4|9996
4|5244
5|6804
5|1919
5|7387
5|3643
6|9119
6|3539
6|3662
6|6672
6|2032
6|6167
6|6297
6|1543
7|3041
7|7135
7|7359
7|9070
7|7437
7|1134
7|8175
7|7743
7|9652
8|1419
8|8638
9|2733
9|5370
9|6601
9|6035
9|1865
10|7130
10|3503
10|313
10|7998
10|4376
10|9236
11|5142
11|4410
11|9857
11|1386
11|9600
12|5669
12|4458
12|2462
12|7543
14|5684
14|515
14|9280
14|1573
14|7005
14|1741
14|5492
14|9649
15|9741
16|8041
16|6978
16|7932
16|1928
16|5804
16|2048
17|6532
17|8529
17|2638
18|6944
18|4357
18|2703
18|3705
19|8768
19|3957
20|7766
20|2316
20|3650
20|8232
21|9041
21|6476
21|8238
21|1237
21|2152
21|6655
21|1331
21|2913
22|5677
22|3656
22|3451
22|2749
23|4419
24|4699
24|4047
24|4569
25|103
25|2249
25|6712
25|6855
26|156
26|1786
26|7333
26|6660
7|8060
26|60
26|8916
26|7801
26|3233
27|0
27|1664
28|864
28|1518
28|8188
28|4468
28|1591
28|5342
28|5882
28|9606
28|4919
28|7349
26|6871
28|5326
29|6298
29|3229
29|8283
30|2799
30|6279
30|5017
31|3821
32|5003
32|4969
32|3540
32|3823
32|967
32|113
32|1771
33|7200
20|9213
33|5226
34|9038
34|491
34|3281
34|8686
34|9111
34|8282
35|794
35|3551
35|8418
35|3724
35|4985
36|8679
36|3654
36|42
36|1495
36|5019
37|5240
37|7198
37|1281
37|1905
38|7209
38|6398
39|1785
39|440
39|604
40|2058
40|8974
40|3554
40|3461
41|4707
41|215
41|4297
41|5422
41|3333
42|580
42|8965
42|2506
42|95
43|5127
10|7821
43|1462
43|4636
43|8415
43|9093
43|5193
43|7129
44|9945
44|4765
44|7631
45|4720
45|9728
45|558
45|2529
45|1381
45|9134
45|8240
45|2381
45|9905
45|3826
45|303
45|3704
45|5830
46|4083
46|9277
47|5803
42|5172
47|7167
47|1937
47|2588
47|9019
47|6499
48|8003
48|8468
49|4099
49|2750
49|8764
49|792
49|257
50|9811
50|1328
50|9936
50|5273
51|1068
52|9807
52|1103
53|266
53|9580
53|6078
53|5783
54|2341
54|3880
55|3547
55|5730
55|353
55|2178
55|642
56|1364
56|8715
14|4170
56|2520
56|1761
56|6877
56|127
57|4913
57|4089
57|3785
57|4540
57|22
58|6381
58|644
58|8585
58|7796
58|8485
58|8654
58|6626
58|6629
58|9338
59|4408
59|4759
59|5989
60|8840
15|2409
60|6141
60|9699
60|5214
60|6171
60|5359
60|9572
61|6580
61|2994
61|5837
61|2727
61|4696
61|9887
62|4831
62|2334
62|3794
62|6008
24|7518
62|9942
62|4144
63|6302
35|8189
63|1808
64|3952
64|6575
64|5299
65|9892
65|124
65|658
65|4273
65|2211
34|6807
65|10
65|7440
65|7899
65|1702
65|7176
65|1224
65|5363
66|5567
66|2209
31|879
66|6695
66|4902
66|9492
67|4116
67|3959
67|5377
54|3339
68|5644
68|3834
68|9721
68|6572
69|5008
69|6484
36|652
69|7539
69|3636
69|7429
69|782
70|8221
70|9306
70|5118
71|3168
71|5358
72|1711
72|6869
72|3367
73|114
73|2677
73|8895
73|6395
73|306
73|8164
74|9930
74|1194
74|821
75|639
75|2614
75|9794
75|2163
75|7576
75|8568
75|1946
75|7739
76|9809
76|6205
76|492
76|8678
73|9589
76|4330
76|212
77|5087
77|170
69|2822
78|9784
78|4886
78|9418
78|1953
78|2262
79|5904
79|7441
79|7866
79|2059
79|8714
79|839
80|387
80|3749
80|6485
54|9401
81|3728
81|207
81|6177
81|4934
81|568
81|9328
25|6752
82|3517
82|9233
83|2051
83|1437
83|8626
84|5024
84|7142
84|6560
84|1303
84|2665
85|9013
85|1195
85|2758
85|2231
85|6453
85|9608
85|7689
86|6510
86|1180
86|635
86|5186
86|6121
86|586
87|5539
87|1468
87|1286
87|709
88|5925
88|2190
88|9583
88|8863
88|7395
15|2517
34|3254
88|8054
88|7425
2|2965
88|4163
88|1562
89|5014
89|8513
89|4470
89|5569
89|9701
89|7839
89|8827
89|8881
89|5034
89|3805
89|5920
89|3840
90|4822
90|8754
90|354
90|7551
90|7014
90|3709
90|3204
90|675
90|6562
91|5453
91|3076
91|8625
91|2557
92|1306
42|6075
93|1534
93|3090
92|4552
94|2030
94|5002
95|7317
95|7603
95|8620
95|9416
95|7650
96|883
96|1655
96|1811
96|9124
97|3976
97|3268
97|533
97|5086
97|9455
97|3559
97|8397
97|9684
97|7470
98|1930
98|2187
99|2086
66|3193
99|8154
99|6744
99|3429
99|6070
99|9286
99|5116
94|8801
99|4250
100|543
100|9289
100|699
100|6233
100|6628
100|5875
100|9808
101|5058
101|4905
101|2391
101|6820
101|3647
102|3582
102|7761
102|5283
102|4312
102|4475
103|1590
103|5030
103|7515
104|3530
104|3449
105|7798
68|5662
105|540
105|439
105|1096
106|8345
107|8602
107|3586
107|1509
108|8116
108|5628
108|827
108|7428
108|5150
109|5033
109|5636
109|6163
66|8526
109|4980
110|7635
110|4949
110|5648
110|4686
110|2973
111|166
111|8675
111|7344
112|1538
112|6393
112|1486
112|5238
63|9298
112|8940
112|6428
113|1000
113|4565
113|5672
114|1659
114|8697
7|2274
99|2812
114|8702
114|4616
114|2373
114|290
115|5168
12|6965
115|933
116|6334
102|9840
116|3015
116|5848
116|7063
117|2716
117|1477
112|1769
117|4606
117|9356
117|8206
117|6924
118|5276
0|6241
118|7066
118|5739
40|3633
118|5047
118|8723
118|6600
119|985
119|7819
119|8496
119|6150
119|4838
61|6176
119|9027
119|7169
120|9009
120|9195
120|2088
120|7191
121|8514
121|1632
121|8279
121|190
122|3240
122|855
58|4385
122|2147
122|59
122|3518
122|255
123|8984
123|6652
124|9481
124|6709
124|7016
124|6355
125|3733
125|6561
125|5365
126|7580
126|2783
126|5700
126|8533
126|6953
126|1354
127|3171
128|415
128|4004
128|3014
128|5267
128|7045
129|7278
129|1321
129|6456
129|4590
129|9563
129|9084
130|5105
130|1662
131|388
132|4190
19|7524
132|2696
132|8228
3|1683
132|8894
132|420
132|2270
132|6759
132|6158
132|3416
133|5025
133|9873
133|6387
133|6341
134|8351
134|3994
134|13
134|68
130|8017
134|1135
134|9315
135|2708
135|4238
135|7806
136|647
136|1283
136|1474
137|406
137|8909
137|4627
137|384
137|1330
108|2942
137|1755
137|1993
138|1147
138|6231
138|8772
138|3115
139|4127
21|9569
139|8194
139|1111
139|9374
60|5707
140|1141
140|108
140|7686
140|1959
140|8547
121|17
141|4115
52|7670
141|9288
141|9676
142|6971
142|1807
142|8182
143|3862
143|2115
143|3882
143|2709
15|3815
143|5682
143|371
144|8677
144|1404
144|5968
144|1955
144|7815
144|4734
5|5951
145|6636
145|4706
145|8265
145|8552
145|8004
145|6786
21|2013
146|2466
146|5589
135|7569
146|2360
146|2011
147|5232
44|7989
147|7186
147|350
147|1179
94|4654
147|775
23|3356
147|3386
148|7210
148|599
148|8202
148|7000
148|8548
148|8748
148|9687
148|3596
149|7283
85|4294
149|798
149|3074
149|2372
149|4202
84|9755
149|6868
149|4907
149|3665
149|7651
150|5849
15|6917
151|6
151|7071
151|8256
151|2431
151|9304
151|8609
132|3863
151|1971
151|884
152|5208
152|3189
153|978
153|8316
153|9440
153|5411
153|4546
102|3602
153|5801
154|5077
154|331
154|7512
154|1948
154|8306
154|7560
155|6067
155|6999
41|9630
155|5281
155|5166
153|246
156|9818
156|4712
156|5908
156|9519
156|5620
157|2268
157|6016
157|5136
157|6331
157|9229
158|6542
158|5547
158|8389
158|7211
158|631
159|443
160|3921
160|5766
160|688
160|4562
57|3274
160|7415
160|2691
160|8158
160|278
161|4777
161|5931
84|1800
161|6799
66|9761
161|9532
161|466
162|7883
162|8610
162|600
56|8263
162|1423
162|4648
162|5251
163|9001
163|6436
163|6556
164|355
164|1078
123|1733
164|7455
33|4760
164|2623
164|2065
164|7362
164|4744
165|7805
165|2432
165|4439
132|429
166|7271
166|188
166|437
85|7249
166|5426
5|5176
167|6926
164|6055
167|150
167|7019
167|8447
167|1839
168|6587
168|6053
39|2554
168|1273
168|5125
168|9310
169|5598
17|8084
41|4403
169|1512
169|4044
169|8971
169|8804
170|5612
170|7868
170|8467
170|6828
171|2937
171|3830
35|366
171|2126
171|7595
4|5709
171|4500
171|8184
171|5409
131|5651
171|7542
172|9354
172|9445
172|3631
172|6168
172|9160
173|3068
173|3549
173|2382
125|2738
173|7300
174|4392
174|1360
174|3293
175|8855
175|601
175|2177
175|1828
51|5140
83|1872
175|2328
175|1523
176|6784
176|1977
176|3053
176|2461
176|5886
176|1033
176|4388
177|2180
177|8106
177|4201
178|6015
178|6533
178|3613
178|8199
178|4619
48|9194
178|8395
178|7514
179|2376
168|8044
179|7553
179|4973
179|1737
179|5456
179|125
180|7204
180|4586
180|5309
180|2595
181|7760
181|6310
18|9058
37|5178
181|6730
19|7462
181|620
182|8741
182|6936
182|3201
182|989
183|3944
183|1257
184|2855
184|5242
185|5702
185|5909
185|7184
185|4154
185|3296
186|993
186|6899
187|2197
187|4564
187|3988
187|505
187|8039
139|6728
187|2428
187|4899
44|3036
188|5491
151|9342
188|7150
189|6207
189|8059
189|5520
190|2495
190|5157
190|476
190|3745
190|1479
136|2925
190|7029
190|4277
191|745
191|9727
191|9772
192|1021
192|6516
192|3655
192|6546
141|7501
193|7846
193|7778
169|8698
194|4480
168|7820
194|9295
194|6352
194|6979
132|9180
194|1862
194|8508
171|3355
194|2905
194|1120
194|5584
195|4862
4|7840
195|7407
56|1327
195|8527
195|9121
195|9710
196|8670
196|318
196|4281
196|8167
35|1947
196|1298
197|4226
197|4536
197|2367
35|4509
197|8989
197|6027
197|1845
197|7985
42|3584
198|3769
198|9503
198|6991
198|5386
198|7304
198|3245
199|3455
138|7340
199|910
199|2811
199|1072
199|285
200|1593
200|5623
200|4300
200|1352
201|560
69|3446
201|679
201|7100
201|5553
202|2930
202|9964
202|365
202|1715
202|7535
202|2291
203|536
203|2580
203|82
203|1175
203|7860
83|1941
203|919
204|3316
81|4555
204|2967
0|4733
204|5601
205|5866
119|5275
205|5852
205|7541
205|728
205|4603
155|9413
206|7804
97|8581
206|2584
206|819
206|4984
207|3753
182|4826
207|1679
207|6526
207|678
152|8649
207|7897
207|5954
207|3133
207|3062
191|808
208|2001
208|4188
209|9357
209|5006
115|4204
209|9275
209|145
209|8731
209|9984
209|5570
210|8425
210|5369
210|2468
210|250
210|9931
210|8433
158|8743
210|4666
210|8100
110|1382
211|3895
211|3924
211|85
211|1409
211|5218
211|9795
67|6857
212|7273
17|5510
212|283
212|1050
212|9507
212|5687
212|9122
212|5380
87|2402
213|1824
213|8832
15|8035
213|8362
213|1882
213|3297
64|5775
214|6839
214|8925
214|80
214|6226
214|9131
215|91
215|6678
48|2400
215|6763
89|5419
215|6707
215|9224
215|317
215|3628
216|4782
52|1799
216|6372
216|4993
216|2907
216|8979
216|8213
216|4179
140|1480
216|6212
217|6865
217|7770
217|7915
217|2493
217|7143
218|7058
218|516
218|337
80|3207
219|335
219|1907
219|3578
219|7759
104|4871
219|8247
219|2591
220|9514
220|4807
220|4062
220|9855
220|1431
220|8497
220|5235
220|5327
221|7409
221|9508
221|7484
221|519
221|6719
222|6975
222|7449
222|7786
222|1797
222|5546
222|2146
223|6956
221|6862
223|8201
40|762
223|1190
223|5499
224|7247
224|6856
224|1646
224|7516
224|3747
225|4909
225|911
225|6501
226|7478
226|4282
226|4837
226|1408
226|1694
90|2364
133|6282
227|7822
227|3188
228|4349
228|8787
132|4386
228|1525
228|4893
228|5191
228|4061
228|7812
228|6932
228|3378
229|665
229|3328
230|8023
230|1323
230|4033
207|1284
230|7010
230|3408
192|1870
230|9506
230|6997
230|6567
231|8538
231|1492
231|5548
231|276
231|4996
231|2188
232|1010
232|4520
232|2498
232|8298
66|8401
93|9050
136|9248
232|3836
232|4732
232|4346
90|6301
233|320
124|3060
233|508
233|4106
233|6052
44|2616
233|2784
89|1066
234|6890
234|1059
234|9723
234|254
235|4422
235|1911
235|7237
236|1475
236|6004
236|2620
236|8576
236|6961
65|5695
236|4485
236|2491
22|9746
236|6639
236|1672
236|1100
236|382
57|8301
236|9402
237|2921
237|4845
237|5868
237|7177
237|448
8|2229
114|4414
237|1443
158|2143
237|4222
237|5018
30|6338
237|3707
238|1014
238|4743
238|3392
238|2380
238|4994
47|8437
78|3963
238|147
216|2479
238|1695
238|3482
133|2299
239|9854
239|1365
239|1487
101|3033
239|227
239|4999
240|3577
240|4010
11|703
107|146
240|5851
0|1102
240|3271
241|5222
241|9241
241|7103
242|1432
242|5114
242|4274
242|1015
242|2366
242|2628
243|401
243|6777
131|9312
162|7652
243|1610
243|3798
243|2582
243|7134
238|5517
243|4784
164|8885
243|8624
243|5605
243|8571
243|8251
243|2828
243|3457
244|4738
166|2251
222|530
244|6009
244|5415
27|3962
175|4767
244|9733
244|5203
244|5336
131|9260
244|2526
244|9879
245|1916
245|2510
245|3507
190|5934
245|2768
246|1347
246|7830
33|4697
246|4159
172|6172
198|7486
246|1624
247|2976
247|8732
237|1185
247|9586
247|6682
247|3335
248|5163
248|3848
248|8789
248|8487
248|6599
248|2411
248|3589
13|3751
249|5509
249|8535
249|7086
249|953
249|1535
249|6539
103|9937
249|7532
249|1644
95|4812
249|4726
249|8893
250|6000
127|2988
250|1227
167|3380
250|984
250|8521
212|5483
250|3157
251|4966
251|3970
113|901
252|641
252|7475
252|838
252|7645
192|3338
252|111
252|5881
252|941
39|6923
121|2898
252|3272
135|8755
252|6972
216|2713
252|682
253|5742
196|3063
253|4709
254|2601
254|19
254|8933
204|1673
254|8122
254|2581
254|6292
255|3399
58|8966
255|2658
256|2072
256|8564
256|5556
127|4710
256|4333
119|3026
142|5043
257|9812
257|531
257|3938
257|7990
121|6348
258|5737
258|2626
17|261
258|2388
258|40
258|8628
259|8627
259|9175
259|4741
259|8844
259|4889
259|9845
259|3459
260|8977
260|6254
35|848
260|3825
131|2734
260|841
242|947
261|7309
261|3971
261|4295
240|7286
262|1684
94|9775
262|1689
262|4322
262|4085
262|5316
262|292
262|3680
263|2238
263|6451
263|3442
263|3788
74|3581
263|8486
263|8792
263|7740
1|9020
264|5341
264|7906
20|4261
264|9396
264|2998
265|4363
265|2795
265|5063
265|7314
265|9156
265|1218
265|5357
179|3159
265|6495
265|6237
266|233
266|5196
266|7873
266|5487
266|2797
96|3523
266|2102
267|1133
267|4395
267|9523
267|4872
64|4315
267|6380
46|6906
267|7976
267|3991
176|5109
267|6570
267|5619
267|2121
116|8504
267|4257
267|5884
226|4259
268|9317
268|3556
268|7773
268|2141
268|7074
268|7386
268|8767
269|7281
269|2094
3|1705
269|3898
242|9284
270|5576
270|8413
270|5693
270|8329
153|6263
271|9870
0|7750
271|2347
271|2224
271|6597
271|6046
43|8883
271|4401
271|9573
272|422
272|7685
273|5645
273|7914
273|3797
273|6952
273|6715
274|9016
274|8473
274|7323
275|9462
275|8960
275|955
276|1071
276|5106
218|3635
276|8336
277|6386
267|733
277|8302
277|6686
278|5219
193|9935
278|8661
278|886
61|8662
278|9431
278|9660
278|2199
168|522
278|345
278|2470
278|1040
278|2405
278|494
278|8928
278|2063
279|4927
279|1982
279|7957
279|9570
104|9543
279|4501
279|6550
279|7174
279|1896
280|6578
280|509
95|3505
280|4301
88|1211
280|6284
280|2324
281|8575
54|3470
281|612
281|1503
281|3181
50|3428
281|1377
281|6513
252|9104
282|2682
282|4953
282|3492
282|9800
282|2895
282|6576
283|4326
226|7296
283|2779
183|5873
239|2433
283|5797
282|7969
283|6794
283|976
283|3594
283|8118
284|8222
284|9383
284|7253
284|1049
284|1220
212|1099
285|1903
142|6934
285|3045
285|5839
1|5414
285|7719
285|4959
282|2820
286|4462
37|1922
39|9493
234|3801
286|4804
18|298
286|5811
286|9201
286|9509
286|2887
287|4200
287|9654
287|2598
287|8798
287|9477
287|9720
288|1842
288|7901
288|7056
288|4549
101|9669
288|3097
124|6080
289|5958
289|426
289|7500
11|499
289|5192
290|3498
136|4632
290|8304
290|2867
290|983
291|6742
291|4543
291|1032
54|1577
292|9674
292|7714
292|3766
194|9798
292|8157
293|453
199|419
293|4182
293|3391
293|9429
6|5970
134|5448
294|9033
294|6872
30|6665
294|122
294|6574
295|9049
295|650
240|2823
295|556
295|6162
296|2538
69|5573
92|5011
296|9382
296|4561
296|4235
296|6674
297|9068
297|1936
297|4801
298|5412
298|4087
298|6402
298|4327
127|5795
265|7162
298|144
299|1690
299|5641
299|977
299|8886
299|8904
190|881
299|4623
299|878
299|4613
299|5902
299|5551
299|9729
300|8055
99|8300
300|6987
300|5616
300|1970
162|9548
300|4091
280|9467
301|2459
90|9626
261|8739
301|8874
301|8995
301|9331
14|6549
301|5317
301|6019
64|1048
301|9934
32|7891
124|2919
301|2406
301|6240
301|5610
301|2824
301|6272
302|3148
302|7869
192|6006
302|1429
302|2840
302|2508
303|1760
303|8962
303|2720
304|585
2|6079
304|9051
304|6184
304|615
305|8249
305|6541
305|8811
306|3918
306|2826
161|5181
251|4324
307|4348
307|7396
307|7013
14|7832
308|8394
23|5494
308|8707
308|1018
308|9995
308|8408
308|5518
191|7152
309|8509
271|2649
309|3305
156|8595
309|549
309|2684
309|6849
309|6124
309|3947
309|2759
79|5217
230|4155
310|6153
10|3031
310|7104
310|9120
311|844
311|3764
311|9422
311|8290
312|52
312|1615
238|2771
312|4046
312|8174
312|482
312|9938
312|4656
139|4846
313|5417
313|1524
314|3985
314|8307
314|7334
95|4937
314|4034
314|6489
314|5432
315|6496
315|5780
315|4241
261|7557
315|5791
316|702
316|7707
316|8348
169|3238
316|2773
316|523
30|3919
316|9850
121|7667
317|8040
317|8796
317|5842
317|268
317|4435
318|5139
318|8807
319|7927
21|6346
319|756
319|4360
275|1186
319|3481
4|670
320|3434
207|9805
320|6897
320|9204
137|4788
320|4429
35|4491
320|9653
90|618
320|2137
320|2977
320|4797
320|7808
320|3395
111|6449
127|2806
155|6257
320|5374
320|4212
320|6747
321|1813
321|6486
321|7764
321|8050
217|9914
321|6698
321|5072
294|4399
321|5303
322|2138
322|4149
322|9390
322|8273
322|5250
322|5853
323|4412
323|1692
323|9791
323|1412
323|3986
324|5593
83|5324
142|2780
324|8704
135|7107
325|9575
325|2569
225|5475
325|8417
297|5993
325|259
325|3160
243|8712
326|4836
326|1489
326|3775
161|1707
326|1969
326|3972
326|5496
53|49
56|4976
326|1016
327|6989
327|1566
327|5901
327|5915
327|6973
131|2122
327|410
327|7818
328|1869
305|6741
328|660
328|1740
328|2050
328|260
328|2688
328|4471
328|6609
328|8778
329|6259
329|1337
59|4299
329|7929
329|4675
329|7896
329|8085
329|7857
47|4086
70|9715
330|7591
11|7661
34|3687
330|755
14|4213
330|7124
330|6429
330|2061
330|2841
331|7276
53|161
325|6394
331|5591
331|3610
331|6479
331|7131
128|3930
332|1304
204|4366
332|4541
332|3900
35|1748
332|9400
332|7612
77|1508
324|2438
333|4833
333|4193
83|5343
176|4639
333|7881
334|3411
302|1471
334|2499
334|7109
334|2902
334|3298
334|8666
334|9726
268|7581
334|8578
316|2767
334|4705
334|6089
24|9534
335|305
335|825
202|8411
335|3402
36|3022
335|1076
335|8617
330|4595
335|32
335|2025
314|9591
335|8945
335|4121
335|4559
335|5224
335|7061
336|9261
336|6261
223|6981
336|4459
336|5180
300|711
336|7457
331|9520
336|4852
309|6487
336|7571
336|2393
337|1226
307|7201
337|5562
337|4314
165|356
337|2202
338|1481
182|6667
338|7986
338|4716
338|657
338|5678
338|7007
338|6661
339|148
289|5447
339|1401
21|1558
151|1660
326|3886
339|1264
339|4817
340|5718
340|4147
340|905
340|9176
340|597
312|8648
341|3842
341|5923
341|5372
341|2729
341|23
341|9821
341|4057
342|4771
342|7981
230|696
342|8439
269|744
342|5197
19|8074
342|1613
342|9712
343|3566
343|467
343|9314
343|3936
37|9264
45|7894
343|6840
344|9814
344|8656
344|3875
344|78
128|9148
344|518
344|9460
344|5285
345|5096
345|9659
345|1011
345|4553
345|804
47|2253
345|6202
345|6703
345|4769
240|5081
346|6976
346|9245
187|8667
346|3612
206|2585
346|6664
346|5004
346|9553
346|1623
346|9052
346|4011
214|180
347|9708
347|2000
347|7690
347|5301
348|9647
290|9633
348|3979
348|4728
348|1831
348|623
210|2057
348|6260
348|8367
277|6879
349|6198
349|4504
349|3023
349|6874
349|1425
349|8092
195|4379
280|7072
318|8257
349|4638
101|6726
350|7459
350|1853
37|5892
155|6781
306|551
350|3720
350|1374
350|9443
180|6681
350|1396
200|6757
351|8006
187|1258
351|1756
351|4529
220|6106
351|6624
351|1392
351|8297
352|1035
352|9820
352|8645
352|5944
353|9759
235|5306
353|1768
353|9650
257|6132
271|8343
353|4774
353|8659
163|6748
353|6504
223|6568
353|3681
353|2701
353|6359
122|5064
354|3114
354|53
149|4240
354|4487
121|6798
354|7233
354|7615
354|602
354|1081
354|9345
74|8848
354|3414
355|2426
346|1899
355|1639
355|5630
57|4098
355|7558
46|1202
288|8072
355|6213
355|3622
355|1585
356|5053
356|3625
356|8197
356|7950
356|7178
356|6422
357|2081
109|6555
357|8830
357|6743
357|2424
357|8953
357|2777
357|5888
358|3131
358|9057
108|6829
230|2064
312|4467
358|137
51|7435
358|1888
358|3259
305|7610
358|367
224|7119
359|9378
359|4262
359|1166
359|1943
246|7224
359|2149
359|9561
39|1256
360|2661
126|4446
265|363
339|6042
360|8720
169|6761
186|9685
360|1532
332|7605
335|2854
360|1856
360|6515
361|9384
361|5188
361|7545
218|2486
361|4252
361|2657
270|4029
362|5362
362|5745
334|488
362|2361
362|1454
169|3197
210|174
362|2503
362|7064
230|812
362|5473
362|5705
292|3881
362|9629
362|4863
362|4799
362|2046
363|2095
363|8398
363|9447
363|5223
363|4051
363|4610
333|7823
363|2959
363|3731
364|9216
364|9205
364|9890
364|1620
364|813
364|7240
39|6825
301|8644
326|7208
362|7522
364|750
364|4524
365|8817
365|9991
339|9976
365|4206
365|6441
43|9505
365|9864
366|1340
336|1781
366|788
328|66
366|3111
366|7390
148|1592
366|3696
366|6183
366|5437
367|6136
367|7319
367|860
367|8685
367|7979
367|7960
368|1239
174|7172
368|9615
120|817
326|6833
368|3113
345|2957
368|9362
368|1720
162|2543
368|104
295|4904
368|3004
368|1809
236|7398
368|4383
368|6466
368|8903
369|8067
209|9488
369|1871
369|4438
369|3387
369|1604
369|8036
369|6366
369|4460
369|887
369|1790
369|2935
227|8314
370|397
272|5143
370|867
370|4865
370|3580
370|3964
370|9463
162|2034
371|3569
371|5751
371|9555
246|3783
371|2880
372|3024
372|224
372|2753
372|3330
5|7120
372|771
373|3974
373|7797
373|1176
373|5344
60|1860
139|9266
373|4378
371|7735
373|7418
373|5857
373|6693
373|9128
374|9497
374|3851
374|1676
342|232
374|7408
310|3811
354|6644
374|3531
374|4607
374|1645
374|1142
374|8551
375|39
375|8912
346|3417
375|3187
376|3383
339|1762
376|5696
376|9677
376|2083
376|9490
332|5320
377|9722
46|6049
348|1435
377|1892
225|8102
262|9265
378|932
378|507
38|2621
378|1902
142|8690
379|5675
251|155
379|5728
123|2866
272|7683
379|4402
379|253
379|4839
379|532
87|4695
380|5703
340|4575
380|7067
89|9024
157|3101
380|2938
380|3137
200|6462
248|6569
380|8744
380|3196
380|4120
381|4463
381|1614
381|6821
56|6392
381|3009
381|4964
381|4579
168|1445
381|33
382|5302
197|4942
382|7788
382|8160
129|2920
181|7444
200|6232
382|7692
382|1855
382|2936
382|5757
372|2541
382|7784
382|2556
382|5131
193|7710
357|7325
383|8664
324|7148
383|1779
383|7567
289|9043
384|5457
93|7626
384|7335
168|25
384|4335
384|3730
384|1516
384|7360
112|7721
385|395
386|3950
9|2447
386|1912
386|5549
387|1192
387|5918
233|2674
246|4048
387|4054
237|6142
387|403
387|3822
279|2552
387|1003
387|1289
387|3874
236|5337
387|3452
226|3266
371|6138
387|5292
296|4499
387|8587
387|2619
387|2786
388|4448
117|7089
192|1193
389|1745
389|6772
387|4175
389|7817
345|7617
389|8900
343|4409
389|5552
389|9744
389|6362
389|2908
214|9069
389|2193
81|2615
390|5526
390|328
255|9255
390|6847
390|2589
390|1945
391|9453
146|1569
379|1493
391|9819
65|9946
391|8391
249|1105
391|4400
391|9377
391|1867
189|2836
391|4189
391|3856
392|8483
392|6884
110|4157
392|8047
236|2609
392|3866
392|2022
152|1830
392|5634
387|3744
393|2087
393|9446
160|3955
393|4117
393|1083
27|8837
188|277
393|7751
394|3162
394|5870
283|4946
317|2565
394|6045
279|3185
394|9258
124|2120
394|2020
188|2894
327|1909
395|5916
395|9494
395|6720
229|7864
395|7618
395|2490
209|2317
395|3276
396|8436
396|5911
396|6604
396|5331
396|5367
397|617
53|7962
332|7966
397|6921
397|3908
397|7036
397|7852
313|1250
398|4373
398|3177
398|6324
398|671
10|8934
398|5390
399|5205
264|9165
399|9918
399|6959
174|2044
399|8460
183|326
399|3812
373|7677
399|511
399|6271
399|6538
399|8062
399|1178
399|779
399|7793
400|8758
400|7902
400|9127
400|2297
400|34
143|7049
400|4136
400|9724
332|5313
400|316
400|8477
400|5507
269|4814
400|4673
400|2711
401|1317
401|4244
401|4474
401|5458
402|9645
402|5183
395|8370
402|8224
402|2156
403|757
403|8746
403|1616
403|105
100|1966
403|2456
403|8577
116|6521
403|7423
403|8674
223|3135
403|9330
403|9635
403|8176
97|8465
403|3088
404|2053
404|2200
404|4714
404|8902
388|447
405|4990
165|2257
405|3445
405|3774
405|4396
351|9177
405|8938
15|3922
406|7192
406|7705
134|5903
406|4433
406|7861
406|5263
406|9885
406|3542
406|6243
407|2340
407|3576
407|9107
407|7697
408|9308
347|341
408|7041
409|7983
409|2731
371|2769
409|5632
188|3008
409|554
409|6097
409|5455
103|4428
409|7196
251|9578
409|2993
409|5229
407|1119
410|5241
410|2282
346|4537
410|5115
410|5233
411|2679
301|7215
411|9032
329|3820
411|9063
411|6291
183|2594
411|4424
411|5832
411|9985
354|2500
411|9406
412|2583
412|5577
194|7913
412|4723
412|2174
413|461
413|2345
413|7165
87|3738
204|3287
413|6737
100|8781
376|3544
414|2079
295|8492
414|1854
112|6732
414|6325
414|8696
415|769
415|225
415|1052
416|9787
71|9528
109|777
416|4364
46|3019
416|973
416|8244
416|4145
417|6216
417|6273
417|666
370|3084
417|9166
326|9078
417|9449
58|1208
417|7682
69|6203
97|5270
417|2312
418|6683
418|5734
418|969
418|3052
418|4264
418|4174
419|7402
276|7529
419|9151
419|4507
419|1469
154|9765
419|423
419|1441
419|5834
93|7696
419|2151
247|1124
419|4921
102|2449
419|7999
420|9039
384|9778
420|3318
162|3607
420|7942
48|3657
420|2622
269|5314
420|624
373|6725
420|3672
421|3211
421|1305
44|5477
421|1749
421|9457
214|7391
421|1700
421|8489
421|9622
422|6615
422|474
227|4035
422|832
249|4164
422|6528
422|4456
99|1129
175|9614
422|9763
423|8923
423|2189
234|7723
423|2571
423|2474
423|1568
424|342
424|5495
267|4134
424|2415
424|1841
424|7703
424|3807
424|3091
144|7226
156|5486
424|2467
425|614
386|4126
425|1957
425|8633
129|1638
326|6086
425|6365
426|7424
426|6156
426|2984
426|9740
426|8455
426|6819
426|3663
181|2379
426|9132
426|3057
136|3877
427|664
427|7630
427|2932
427|3561
427|1706
427|2740
427|6430
428|5356
428|738
428|1154
428|5646
240|319
428|697
428|2943
45|8462
428|5428
225|3975
429|2789
429|1095
429|4620
429|7277
408|754
430|9230
96|136
430|5869
430|9142
291|7483
430|8856
430|2950
280|9411
430|1183
431|3358
431|9637
212|3453
380|5159
431|5980
362|6788
431|2117
431|9602
277|9256
431|3306
431|8826
431|8810
431|8139
432|3224
432|8385
432|4931
432|5738
432|1373
433|5286
206|2353
300|6178
433|8095
433|6200
433|5079
433|6242
212|9327
433|3626
170|2929
258|5876
433|314
433|6630
43|1859
308|3611
433|5774
276|9612
433|5459
433|4827
434|3619
434|8043
434|9237
415|9826
434|6645
434|126
434|8905
349|1722
434|6795
434|3762
320|9169
354|566
434|8066
311|1764
435|672
435|3740
208|2401
435|6028
102|3653
397|169
435|3164
435|8988
436|3563
436|1763
436|7730
407|5480
436|9253
409|2221
436|6619
228|3841
436|1541
406|1444
437|3873
307|48
437|5345
311|1241
437|8556
437|458
29|5800
437|3290
438|3694
137|5879
438|3315
438|2109
438|5594
349|4929
438|9173
312|9610
439|9906
210|5977
439|6675
364|8495
439|2745
439|1088
439|2186
439|8735
58|6432
116|3002
407|776
439|2798
439|139
439|6689
136|7856
404|5308
440|8087
439|6894
440|6169
440|2458
248|2751
440|9099
440|1092
440|5572
237|3833
440|1109
3|2308
440|7803
232|9220
441|501
441|5994
441|368
441|6915
441|3606
442|1222
442|8376
426|1004
442|1108
250|2039
442|9285
442|2219
213|7547
442|9250
442|6236
297|5663
326|8777
442|3077
442|8519
292|5962
442|3151
442|795
77|1251
442|4745
131|6252
443|273
443|9472
399|6769
443|4954
119|256
404|628
443|4842
267|7055
443|1583
78|4440
443|2573
443|6974
443|1026
0|495
443|929
443|8245
444|3562
137|4661
444|8523
392|7491
444|4736
118|8469
407|3129
444|8346
444|2275
445|7648
445|4068
445|9089
445|9861
446|2154
89|9963
446|3814
446|2416
446|3615
4|1849
446|3869
446|2300
446|1742
446|8420
446|5850
327|7270
446|434
381|2735
431|3786
447|4663
10|6475
447|3960
437|6517
447|831
107|6303
208|4518
447|7434
447|948
442|2068
447|1125
390|7339
447|8340
111|796
395|8148
447|3884
345|9758
448|6056
83|4482
448|1815
448|6209
311|9086
448|1177
448|5671
365|1172
449|5955
449|7159
250|8235
449|6710
449|1271
0|269
18|1910
201|3956
449|4997
449|3831
337|9200
449|5036
449|295
449|837
450|8025
451|2418
324|8622
403|5654
451|7154
357|6417
451|2213
451|9452
452|7179
452|3776
452|6245
452|4719
189|695
425|1537
452|4819
452|6328
452|9640
317|4739
452|7935
453|4694
326|3040
453|9605
304|882
453|9525
363|5117
407|8825
453|528
453|7384
453|6998
49|992
454|1544
454|5865
454|2791
454|1055
454|8308
149|8080
454|6206
454|7145
46|1708
115|2970
375|2530
454|4742
185|9208
454|4950
455|4580
455|9433
455|5681
215|9062
455|1713
455|7717
455|1514
455|4850
303|5559
455|7065
106|7984
455|6258
456|9666
23|7301
456|9835
456|684
456|8388
261|9782
456|7311
456|2946
354|4417
456|3049
456|9691
456|3522
456|2629
457|3660
135|789
143|1350
457|4550
315|1008
457|4531
457|1430
218|3389
279|3214
457|120
65|4848
78|5749
80|2814
344|8268
457|9560
457|264
457|9420
457|1249
458|8993
458|5454
458|9962
323|8200
458|3267
38|6902
337|6477
458|3432
158|4075
257|8237
458|56
458|1521
347|1989
458|3934
458|4372
280|974
458|581
13|7288
160|4391
459|1983
459|8567
459|783
459|1136
459|6199
316|7488
459|1334
459|5315
459|6093
23|8121
460|8719
217|7791
460|9145
460|6903
189|3403
460|3415
460|4840
373|2599
460|9394
14|7731
461|2655
461|8001
461|4629
374|610
461|7708
461|8634
461|6088
461|9015
334|7931
461|5817
47|3239
462|1221
290|7540
462|2096
462|4266
321|6244
436|4109
462|3425
139|1064
462|2226
129|208
462|8248
250|5767
390|3982
462|5130
87|8950
463|1934
463|2243
95|2245
217|2289
463|9983
104|6204
463|7583
463|9003
463|986
463|8760
463|5943
464|8470
464|2175
464|6446
464|463
464|2505
465|1085
465|5375
466|5123
466|9571
466|6405
331|5686
466|3251
143|3484
303|5216
466|5726
466|8713
466|1313
466|3460
467|8853
467|8011
467|271
467|3295
454|7227
467|4113
467|2927
467|175
468|167
468|7264
468|5704
468|9381
468|5793
468|6933
452|9135
469|7379
469|2518
322|9875
409|1806
469|8956
469|4672
469|3723
232|922
469|1282
207|6776
469|2861
117|6021
469|6014
461|471
469|5042
469|1967
470|7087
470|4217
176|5615
470|2579
1|4445
470|8114
8|8972
470|7656
194|6332
401|3067
471|4454
373|7783
471|8771
446|7480
471|7510
472|6633
472|2445
472|3858
472|8379
472|6320
407|71
472|8652
297|7118
472|8195
473|8765
54|9243
473|449
165|6211
473|8261
473|1940
155|4449
473|3027
223|9841
473|9579
474|2694
474|4977
474|6805
474|2494
148|8319
474|3012
339|6697
474|5126
474|6754
54|2346
249|9375
474|3893
474|5802
467|7187
474|6102
113|646
264|9557
475|8332
475|4150
475|2700
291|1473
475|4646
475|8328
475|7680
475|7895
475|2182
475|2796
128|3092
476|2195
476|6048
457|2354
476|6444
477|4340
118|5785
443|8038
477|3096
173|5833
478|4615
478|828
478|9951
457|1484
478|1162
478|7018
89|8089
479|5384
465|7352
479|6022
479|7042
479|7020
221|997
479|8822
479|971
381|2722
458|7248
480|7216
480|1663
4|267
480|9366
197|557
349|7004
480|4533
109|408
128|7212
373|7146
480|9929
480|2292
481|2669
481|6345
481|6834
481|7085
481|2134
25|4311
481|3116
277|6457
481|7724
369|2528
482|7346
482|2309
482|3746
34|3226
482|8399
203|790
295|9749
367|3966
482|7582
482|2782
121|2648
482|7321
482|4945
482|327
483|9909
410|9244
483|6031
483|1244
483|980
483|3591
483|6780
20|5969
483|6094
483|4652
483|7732
483|407
483|9499
102|981
396|2662
483|1723
330|2704
484|6704
484|3871
484|9897
484|1732
334|6326
484|6625
484|7718
484|7289
165|8107
484|2699
396|683
485|6404
485|4027
179|4489
486|9006
225|2439
479|2685
486|8305
486|4514
458|8924
486|5746
486|8020
379|5376
487|6831
487|5827
140|668
487|7337
487|8115
487|2940
344|8230
487|2562
487|6185
487|3702
487|106
488|3072
488|9679
145|5922
488|1265
41|478
371|2104
488|7382
489|203
489|9971
489|6514
489|2448
20|6299
489|1794
489|5408
489|1819
253|7463
490|6129
5|1840
72|5600
170|8582
490|3593
490|8073
427|4140
490|2332
490|4573
165|4413
490|6077
490|4556
491|6197
491|2008
491|83
411|2176
438|5418
491|5874
491|1075
491|1307
492|9075
190|7858
492|1986
492|7080
492|3954
335|6815
468|7701
492|4093
492|2671
72|2472
492|1976
492|8959
335|9371
493|4304
493|9300
493|5983
379|6275
493|222
493|2542
357|2043
493|6746
493|3557
188|2344
494|2636
494|7472
494|8614
279|8986
494|4860
494|8488
371|51
494|3719
494|9867
263|2090
268|4031
495|9278
495|7218
495|7827
495|858
495|5618
495|2335
495|579
77|1557
495|9174
495|2739
495|2264
173|5500
495|3443
77|4090
495|5959
495|5350
495|1057
330|5460
496|6208
496|2483
212|4879
496|663
496|8354
242|4647
496|362
497|2952
377|9360
497|5110
133|2882
497|1097
497|9417
497|8562
497|7404
108|2987
489|7095
497|5254
498|1606
498|8976
490|2125
498|5564
498|7303
498|8451
361|7862
498|5000
498|9751
499|1187
499|5713
499|3469
372|3710
499|351
112|3488
499|3228
499|3929
483|1559
499|6911
104|5521
253|1704
499|2838
105|7523
500|814
500|6270
500|1232
500|4834
247|8196
500|4775
190|5228
500|3816
500|3128
500|7911
501|3509
501|9773
203|6813
501|9998
502|2407
502|8056
502|135
502|2021
502|4055
502|4718
502|5731
31|3249
155|8699
502|8680
345|1852
503|9047
503|7601
504|5277
504|7116
504|2272
504|3184
391|2830
504|5080
253|4389
263|8225
504|4597
90|8687
320|7315
504|9071
429|1403
504|6066
504|4181
327|2239
505|299
77|6195
505|843
505|8762
505|9045
294|6083
505|2111
505|5433
505|72
505|3203
505|5148
144|7970
402|1754
505|9226
505|3676
283|400
459|6023
506|8862
481|7814
506|5094
506|2509
506|9762
258|6115
506|8711
506|8991
507|9034
507|8770
402|2423
507|1956
300|3912
401|168
507|8369
287|8130
400|1574
507|4220
507|9118
507|5698
121|2715
507|2306
91|1073
384|8833
508|8147
233|9419
508|8574
14|8281
25|6342
508|677
508|3618
171|6246
508|2755
508|8554
508|6411
57|2212
133|1738
508|4007
509|2280
509|7744
509|4215
382|4302
509|3867
509|8776
233|3170
509|4948
409|9705
510|2203
510|7775
510|4810
510|3030
302|2052
510|107
97|3103
154|6824
169|2142
510|7939
295|1173
349|8291
511|151
511|1275
511|6651
119|8630
238|442
511|4988
117|8790
511|6082
511|1054
511|361
136|202
511|1339
511|4447
511|8658
506|9347
512|3726
512|2422
512|5289
493|6505
512|6960
512|73
358|8819
435|2560
512|5563
512|5806
185|2901
513|2067
513|8013
513|3217
513|5427
513|9836
513|5175
514|4690
385|1039
514|8941
514|2010
514|3352
514|3984
382|8443
514|7809
514|7769
199|6414
234|1456
514|8802
515|8110
515|9008
324|8608
515|4381
4|2558
45|582
395|5121
515|4785
394|4060
515|2085
515|4067
515|5758
515|2488
515|4702
516|7374
335|1006
516|4279
42|1750
348|4112
516|4940
226|8640
516|5405
516|3319
516|43
516|7564
181|6843
516|7598
516|4415
516|6095
516|4203
517|1504
517|5554
517|8604
12|9856
517|4418
517|6590
517|5154
517|9423
517|6001
517|2549
193|4079
242|301
517|2914
517|6114
517|6955
517|3405
517|3572
462|9980
518|9802
518|2355
510|6764
518|9822
267|2667
519|8124
519|7310
519|4070
163|9831
519|8162
519|7127
326|1418
519|372
187|3784
519|2576
519|8288
520|3755
520|9343
121|4148
520|5294
142|5391
254|2457
520|3388
520|3587
245|251
520|3773
520|4853
346|9736
482|6076
518|1295
520|4891
368|8558
520|7536
521|4476
259|5986
301|9504
521|4640
521|2442
521|4292
45|972
317|149
521|9603
521|4701
291|1292
521|8347
301|5557
491|7077
522|6802
522|6180
522|2536
279|6155
522|1714
522|8120
522|5744
522|8759
522|5284
523|62
214|7099
523|6498
523|7955
100|8033
164|2899
523|8530
523|3901
315|6253
363|1465
523|7308
523|3487
523|5198
523|153
524|9944
251|376
524|4574
239|5430
524|6713
524|2201
524|1832
54|721
63|3119
524|3550
525|8593
525|9296
360|8718
525|7579
186|8733
261|7269
525|177
525|8371
525|8387
373|5603
525|2092
405|8794
526|3325
400|7081
526|9790
526|7324
526|7865
526|5230
15|470
31|593
53|759
322|4254
407|1987
526|5463
526|4796
526|4303
419|7597
526|7726
526|1546
527|723
527|7997
527|5772
527|3804
527|3261
44|2607
253|8915
527|432
527|1605
236|3907
336|9690
528|559
528|9029
528|8812
528|1997
529|5883
149|1028
529|4118
28|4527
529|6582
529|3685
529|3321
352|4803
529|6812
530|7625
134|741
530|4818
18|1214
529|1897
530|5055
512|7526
530|2593
530|1247
515|925
531|7712
531|718
531|4867
147|7400
531|2107
531|8540
227|5812
531|4521
384|2747
532|5467
436|2172
532|9833
532|4578
284|8404
532|6110
532|7203
81|5917
476|803
532|1094
19|6293
337|2362
371|3832
532|3953
143|912
532|7266
532|1325
29|6887
107|3915
471|1949
532|1047
533|2650
404|9596
533|3925
533|76
533|9868
533|6174
485|2040
533|686
533|8730
533|1520
533|2255
533|8491
534|2597
534|8510
128|5530
294|9768
534|1300
62|6322
534|5773
243|281
534|1885
509|1260
534|1837
424|3099
534|4653
534|5829
534|847
535|4111
180|7060
331|8481
339|383
535|8324
535|548
536|4298
536|4855
364|3980
536|6800
380|2307
536|7511
203|4355
374|1272
483|8753
536|3928
537|4288
537|1203
537|9436
537|8271
537|3765
537|8734
244|9803
537|8457
213|9424
537|6400
537|3748
538|2512
538|8688
538|5826
223|3094
539|1025
539|589
75|4138
539|6964
539|7123
539|7453
439|9536
539|9620
19|3154
444|6396
539|381
539|7260
539|1784
263|6223
418|9444
539|7164
169|2075
513|5664
526|4457
540|5538
196|9745
540|2216
357|8843
486|9754
540|5212
540|4944
167|8427
437|2710
540|3630
540|2605
540|7938
540|8037
385|5282
540|3310
541|9450
124|3100
409|5406
541|5965
541|2131
127|5165
542|1631
210|8651
349|9544
542|541
542|30
31|6221
542|9085
542|849
264|1958
542|8907
418|1267
542|8384
542|8198
407|3689
416|117
542|2857
542|7468
246|4876
542|8466
288|6133
288|950
542|705
542|1637
370|134
542|7451
91|6108
361|374
543|7372
2|4581
543|2463
543|9683
543|4926
543|2454
543|6548
515|1926
543|3664
544|5525
544|918
544|5565
544|4689
255|1438
544|6938
544|4384
545|5861
545|4915
545|8738
545|3372
545|9480
126|3791
545|8555
545|1140
546|2005
546|6210
229|1130
546|3436
546|9837
546|1780
546|5608
546|3419
546|6563
547|2023
414|307
547|1
279|7548
547|1894
515|1960
547|8357
547|6467
547|6161
170|9112
547|3737
548|9706
165|1944
341|6316
548|5401
19|4884
548|780
548|1736
549|2714
549|8800
549|7022
549|6482
508|3648
510|8057
549|1829
550|1248
550|6571
153|5199
550|5633
90|9923
550|896
550|9910
550|975
25|9316
399|8021
550|1770
550|9888
134|4911
331|6473
550|2286
168|5246
550|323
366|8747
490|7153
550|681
261|7361
551|7482
551|7040
551|5339
551|6850
551|2911
125|9292
297|8752
326|4971
552|3263
274|3361
552|7975
552|3489
552|4750
225|1036
552|5290
164|6036
553|6864
250|2982
469|4080
553|1242
248|6673
553|214
125|8955
551|8588
553|2374
554|9785
554|3010
554|8740
554|1697
455|5771
554|4345
554|1169
99|2230
554|6364
197|9
555|3698
555|343
555|5420
555|8841
555|4567
152|3206
555|2036
555|669
517|5215
555|3857
555|1246
151|4982
555|4185
252|8152
555|3037
556|1838
364|9756
556|8766
556|6146
444|493
556|360
556|3590
353|2842
531|7343
556|9309
557|8566
41|5225
487|4063
525|7556
557|4441
493|4255
557|198
557|8891
557|8352
558|2610
101|5867
311|8600
558|7354
285|1209
558|3048
558|4375
160|9192
327|4693
558|409
176|7015
284|4498
558|4342
508|7664
558|7070
558|5910
165|4667
291|3136
558|7380
58|7342
558|3854
558|5855
558|6845
558|5184
402|4231
559|8030
143|4795
559|7550
559|4808
559|3334
559|1588
559|9030
559|8484
559|1725
560|2962
560|3304
438|4869
560|778
560|2816
329|7327
560|9353
305|6190
560|3887
560|5439
12|9318
151|4042
349|8528
560|2196
560|1488
532|4156
560|7268
184|6801
426|4779
560|5555
561|3828
263|3244
561|8878
378|421
561|9871
561|3441
186|8177
561|1411
129|8970
561|4152
68|5070
470|8012
561|1963
524|7161
561|4787
561|959
88|8599
430|3250
562|3942
562|2785
343|2413
386|5402
562|834
114|5727
285|7658
562|6983
553|3342
562|274
562|4000
562|5210
50|3817
562|472
158|57
562|6224
562|5760
562|7388
475|5236
563|450
438|4870
563|9989
100|6452
563|5670
249|3307
563|8501
68|1671
563|2980
563|7965
563|3574
563|8728
564|8618
564|7608
564|193
564|7888
564|5061
564|6586
362|272
564|8769
452|4962
564|5825
564|2718
491|7336
565|2643
282|6290
565|9482
565|4387
565|455
565|1730
566|5435
566|5012
339|6616
566|6289
566|4097
509|5213
566|6280
12|2707
566|7508
566|241
566|7936
1|6357
566|7046
240|4792
270|9828
567|3329
567|5929
567|1743
567|9335
415|4248
469|8596
567|294
201|4924
552|4420
567|8692
567|4096
567|8705
424|6222
567|7572
568|4272
146|2810
265|2378
568|205
88|9092
568|4074
568|211
568|3056
568|1019
568|3771
470|8655
569|1551
37|9252
569|7584
209|8710
435|9056
439|3599
569|7232
45|9693
569|3526
569|8980
570|6058
570|9781
82|4815
570|4688
570|545
569|8246
570|9922
398|2630
405|6861
571|5399
571|3282
571|1728
571|3423
571|84
76|8957
116|9694
294|7347
571|3437
341|900
572|2540
572|2918
572|6307
278|898
572|6564
68|7919
572|3721
518|7922
563|8842
572|8207
572|768
572|637
500|8203
572|4129
191|4939
533|3105
573|7258
483|4703
573|4351
573|2736
573|6793
210|8603
573|3993
16|3978
510|7292
573|7199
573|2252
573|713
211|8773
574|5999
574|5945
574|7329
574|8045
574|6970
574|5642
421|8445
574|4234
574|5023
575|5423
575|8472
443|5334
575|3906
575|8284
516|9967
575|4390
575|100
575|460
548|1968
575|7592
45|4968
575|3375
289|7872
313|7771
575|3426
575|8939
576|9670
39|7505
112|5156
576|5716
103|3527
251|7306
576|4108
463|4404
576|5821
10|36
314|2240
576|9000
576|923
576|3855
65|3616
576|9215
78|7698
161|537
576|2473
109|7420
577|6691
577|6349
577|7810
577|6360
577|3230
430|6896
577|6438
577|3331
342|7297
348|6100
577|6982
577|3198
578|3247
294|1369
578|9186
82|2634
558|8631
578|2283
578|7665
578|9757
11|4932
543|2294
579|1792
579|5828
579|9341
204|162
569|987
579|3872
441|8969
580|6321
580|3464
580|9098
390|1511
580|6579
581|3283
212|2553
581|6230
581|9874
566|4077
581|9747
39|6072
91|6361
347|7836
532|2285
581|5863
581|4173
254|4642
581|6823
582|7376
582|584
582|7513
582|5410
583|8331
583|8865
583|2843
423|547
583|6870
223|1168
583|7841
150|5905
234|7030
583|8515
105|4609
583|5838
21|404
583|7474
584|3683
584|3327
584|6787
584|5177
388|1343
584|4856
584|9087
584|2805
78|8911
584|2342
584|6126
585|949
585|9028
364|7397
585|7128
585|3175
380|4798
585|393
493|662
585|2173
585|8632
585|1529
585|2680
521|3496
585|3844
526|8703
585|7681
57|7298
250|1810
586|1144
586|70
274|1939
586|8125
586|2521
587|7357
587|6255
587|9259
587|6024
587|6708
51|707
587|8482
241|5790
461|6669
587|4225
587|5209
266|8775
587|9574
587|3528
587|2384
588|8049
588|1791
513|8185
588|1243
155|4989
302|5280
588|427
589|4756
135|806
589|7190
589|5777
589|487
15|6860
106|6949
589|8170
589|5516
589|1717
589|7048
589|524
2|3860
589|8226
590|7149
590|6497
590|9632
590|7313
590|7230
393|9483
590|3534
64|6696
491|9190
590|8673
590|7772
170|1399
590|7563
590|8262
590|4180
591|3043
103|1886
591|3761
591|5446
591|9002
559|5788
591|6881
591|3661
175|8611
591|6181
591|96
591|5349
587|1402
592|1843
592|3688
592|6268
410|6179
592|2766
592|7507
593|2611
475|359
593|6551
593|2885
130|4430
426|8749
594|6423
594|8135
176|1879
570|1668
594|1007
594|6904
525|8897
594|9994
277|5796
595|8231
595|8806
6|6929
311|9657
595|6908
478|3083
595|9688
332|8880
507|3087
595|3349
595|6613
595|6085
596|5092
596|5268
596|8029
282|1110
596|8736
404|9738
596|5950
202|5305
596|229
596|2031
291|9595
596|2778
176|5404
596|6948
575|764
596|6192
597|2002
597|5877
597|8204
370|5927
597|6285
597|6313
583|9832
597|8990
423|727
597|5149
253|1158
598|4369
598|2228
598|163
598|7926
92|2358
346|5016
432|173
598|1161
598|706
599|2492
326|7205
599|9143
599|9044
479|5364
600|9272
600|2564
600|3682
600|2837
601|390
30|605
386|8335
601|7937
601|265
503|6300
601|7694
200|1798
601|9704
601|4970
120|485
440|3313
601|8458
221|619
601|8373
601|6866
287|5164
426|7600
456|6470
601|5239
219|8183
540|7413
601|5503
591|1320
601|8149
602|6753
602|1439
308|6935
480|544
602|4832
82|9297
602|852
602|9471
332|9153
602|9322
602|8824
21|1263
602|714
602|6992
519|1635
602|132
603|7653
603|5621
229|5770
246|2326
603|8927
329|2776
496|4172
603|5485
551|2336
603|1981
2|2097
74|3891
359|5974
603|3671
603|4473
603|2369
91|9524
604|3939
604|4017
286|936
604|7299
604|4178
604|6758
604|5809
604|8007
604|2991
469|5020
605|7971
605|6413
605|4183
605|1617
605|6958
123|527
605|5531
605|5452
605|6098
489|1674
606|4554
187|7460
476|3885
606|4271
531|608
606|6143
514|6511
538|4503
606|2076
448|6844
606|2420
607|8083
456|7043
607|9426
607|5585
102|7350
494|863
607|1884
461|781
607|6373
607|8010
117|7678
543|243
607|926
607|865
89|1880
521|2394
607|7121
608|8243
241|690
608|8681
326|1918
608|7465
77|1654
608|4576
230|8793
608|8217
205|1681
608|7752
100|8216
608|3234
313|9072
608|8169
608|8859
608|945
470|9884
608|9789
135|2974
609|468
609|8053
609|8212
265|3357
418|184
609|786
257|9648
609|2118
414|3122
609|4305
406|909
610|8987
610|6690
339|8784
610|8426
610|1285
610|583
610|811
610|5653
341|3066
610|4790
610|8570
611|4612
67|6062
127|304
611|1611
611|5271
611|1279
611|5864
611|8076
348|667
612|8805
612|4284
612|9232
612|2527
612|6910
612|8153
385|3750
612|6943
495|1084
612|2760
612|6370
612|5940
612|5952
612|4916
613|35
189|27
613|8643
613|6410
613|7746
425|9881
613|7378
614|5856
614|6796
614|3796
385|6950
614|3323
482|9363
614|4786
615|6182
182|291
615|1772
615|687
615|1470
615|4142
615|6914
615|4494
615|7157
615|5505
535|9035
615|5723
616|2451
172|5666
616|6034
616|6898
616|9817
561|6893
616|2883
616|8210
291|9958
463|9211
616|5065
616|1594
616|3406
371|3758
477|497
616|1698
616|3279
450|5090
617|7002
386|982
514|6942
617|8663
617|8179
226|4717
617|1545
617|7112
303|7837
498|5450
617|6663
512|1375
617|5169
617|629
617|1506
617|3156
416|8046
618|143
618|7628
618|2477
618|1826
5|1322
88|1600
618|1923
618|3933
593|5098
618|142
187|816
479|2241
618|2038
618|3404
618|8022
551|899
619|8471
119|1153
291|3086
619|1775
619|1547
619|9891
619|5493
208|7242
619|1074
620|386
336|802
620|2408
620|8339
620|9157
620|6351
198|1336
620|8975
620|5660
349|3727
620|2853
621|1647
38|5747
168|550
621|891
621|1636
208|6286
568|3093
621|3579
621|8637
621|2960
297|4783
400|6518
621|44
5|5220
621|5939
621|6440
622|9408
275|1712
286|7229
622|3462
622|8042
622|5514
622|6491
622|3468
604|2660
622|7265
205|5330
460|7754
623|1687
40|6494
623|2888
77|7663
136|2602
150|2207
273|9271
623|7345
623|191
467|2964
623|4972
102|8459
563|3598
623|3700
623|465
623|1666
624|4866
624|9530
304|7638
480|7695
624|9370
522|4528
599|3248
624|9714
624|2397
624|8543
339|6717
625|7877
625|7221
483|8181
625|4625
236|4890
625|4484
625|7220
625|9604
625|2480
625|9675
61|4416
591|4002
626|3107
358|1308
626|1139
345|4245
626|3079
626|5769
626|3035
626|5078
495|7195
626|8126
626|6803
50|4835
299|7725
626|2653
626|245
337|279
626|336
626|2183
627|2204
199|9562
627|1833
627|7280
451|4337
627|8823
627|7849
627|1324
114|6583
580|2807
628|2525
241|5424
628|3218
628|2244
120|6969
521|6837
628|1455
628|5524
239|5596
628|8296
178|5933
628|7197
628|2160
60|3847
629|9556
169|6883
578|7742
629|1661
629|8814
306|2561
629|6442
176|9858
569|1625
629|2732
629|6782
629|9682
386|9526
459|5354
630|6160
630|1387
505|5133
630|8605
9|3089
630|6891
630|9339
630|1301
631|9012
631|195
631|1297
8|1622
631|7412
229|937
631|8005
4|5635
632|8750
632|9969
532|6534
632|7338
632|606
632|6676
624|9326
632|2904
632|7992
412|2725
632|931
633|9461
633|7826
633|4512
633|8668
599|244
633|6166
250|7445
337|1603
395|770
565|2302
633|743
634|7945
146|5170
335|8849
634|5781
634|4331
634|889
51|1510
634|6854
634|7660
634|822
634|7438
634|4587
634|651
44|3255
140|5996
634|6447
202|2223
635|5733
597|9663
635|3477
635|9115
635|2210
552|1191
594|7312
635|1612
240|1146
635|8405
153|8187
636|7627
636|201
636|7640
636|9529
239|4065
510|9862
636|1388
636|5889
636|8857
553|8058
636|7202
636|3422
558|6471
636|4633
636|2742
504|6409
504|8882
636|9199
451|8586
636|6622
11|7144
120|7059
637|1891
318|4338
523|1027
637|5332
637|4900
419|3903
637|8729
282|8791
637|5847
637|194
101|7887
638|9178
355|1820
638|873
638|9783
314|3627
638|3308
29|2295
638|4122
6|6437
330|41
638|7133
256|1850
639|3754
639|5206
558|4223
639|9479
294|5938
639|2818
639|216
170|1890
639|3703
639|2659
230|5407
639|9521
31|2721
639|8518
639|7117
640|5054
30|9636
625|1962
640|433
640|2625
640|9350
629|2570
640|5329
640|7219
640|2893
427|4748
640|5022
512|1564
603|8616
641|9359
641|8287
641|1753
501|749
641|8325
347|8241
501|9495
529|5048
641|9766
641|9531
600|655
642|7554
642|1274
76|2515
371|7559
642|3146
642|908
642|4898
24|791
32|6632
642|2070
642|9080
273|8869
642|94
642|3931
643|7758
643|3513
270|6853
643|9487
643|5638
642|457
644|1385
567|2575
644|5010
642|8299
644|9376
644|4043
399|9182
644|4082
644|1420
548|9344
644|3920
644|9970
58|5091
644|2323
519|6448
644|1677
109|7492
151|5647
644|2763
540|3215
645|5997
645|3138
645|8788
645|5818
645|2990
110|3016
645|3491
326|9913
645|7432
417|9274
645|4922
77|5701
311|9957
357|8094
646|2612
646|6641
646|6848
264|7322
617|4983
643|1716
646|3495
646|5007
646|4334
216|8545
646|315
50|9206
646|416
244|7053
646|5287
364|8872
646|6618
647|1342
647|5673
647|1670
50|7691
122|7800
576|4426
647|9711
245|6766
647|6649
70|6553
236|638
647|159
236|4296
605|9924
647|2191
10|63
647|8366
647|1398
648|8943
648|9395
648|3693
63|8821
648|4875
648|9454
90|6454
649|2764
560|7838
649|9597
254|7348
649|4563
649|1688
650|3202
650|7502
224|1463
650|766
27|5519
650|6685
563|1077
650|8836
650|7878
650|8334
650|2702
184|6099
594|2217
622|7609
650|9491
650|8109
650|2157
650|8358
487|3595
651|2934
651|9159
8|1405
651|4078
651|5606
651|4859
651|6113
651|1056
205|5360
652|5474
652|4197
652|1117
652|3440
610|7903
652|3677
398|8082
652|5991
652|9869
408|622
652|9162
40|9624
61|6918
652|8252
98|656
397|228
468|4975
652|8647
143|9179
257|7779
653|4453
653|9566
314|7217
653|726
535|238
653|7439
653|3515
364|4258
512|3165
653|9346
358|8463
653|2577
21|3490
317|3324
491|1602
653|1199
653|5540
653|6140
290|2329
654|5649
654|6073
208|9718
654|3706
655|6368
655|8908
525|4674
655|3413
104|6508
655|8286
168|4137
655|6281
239|1893
655|4677
655|4882
46|9254
655|6145
655|9953
656|5813
656|3837
603|9332
656|9872
459|7879
656|8641
305|3475
656|6907
233|5631
281|2320
570|288
656|480
79|1394
656|9283
657|3838
657|5152
657|1998
657|9799
75|2287
616|5784
657|7577
657|7214
23|3427
384|3362
657|6733
658|4019
19|1994
658|6605
376|5515
658|8173
658|1553
433|8254
658|7824
39|9954
428|1752
658|7972
244|5622
379|2756
658|3292
44|4196
593|4465
658|5566
12|7442
64|4560
414|5661
658|5575
134|9427
337|6593
659|587
659|176
17|3123
659|9282
659|9920
151|3348
659|6612
100|9860
659|9485
660|5037
660|9933
329|9709
660|5481
660|9830
150|8653
660|1417
660|6927
189|2469
572|9598
660|7993
660|2387
660|6343
173|3075
660|3054
661|1309
493|9451
661|81
661|2271
597|4265
661|3486
131|7669
322|6043
661|861
661|3284
661|704
115|8716
661|2132
141|6401
662|8081
123|9167
662|892
501|8180
662|6250
662|5579
662|3385
663|9895
127|5656
663|724
663|1287
663|4359
663|5171
51|3190
273|1576
553|3819
663|7012
663|5074
186|4965
663|5587
663|5722
351|7552
663|7956
195|9973
663|2765
663|6116
663|8839
213|1669
664|2550
664|4617
664|4505
664|131
440|5748
664|2017
448|4878
664|7768
539|7756
664|9287
664|1270
664|747
664|3810
665|3548
547|1942
572|3567
665|6490
73|7090
665|4643
203|3839
665|9349
665|8016
665|8700
665|1149
665|9846
665|9290
200|577
369|2608
665|5167
666|6731
16|1030
666|5451
230|2256
354|1045
666|9247
666|9511
666|5187
666|6262
35|3337
666|4729
472|1802
666|5527
93|9147
664|2781
667|3474
667|7422
667|7223
667|5978
622|7967
667|1332
318|8258
473|7748
668|2706
668|3291
27|219
60|7528
246|7140
523|3536
668|5872
48|1570
560|9155
668|5614
668|1138
668|8931
446|2681
668|2444
534|3134
668|1653
668|6882
668|9838
668|567
668|1773
668|3543
579|8069
668|4758
186|8629
358|7980
668|8156
177|546
632|9025
668|4958
119|3824
163|5101
202|3082
360|289
669|231
669|9240
131|5073
669|392
289|7419
564|8144
669|9541
669|2741
115|4423
669|8683
111|2871
279|46
500|1137
669|9975
669|5300
669|3767
669|3485
669|4961
19|2640
449|6227
620|1416
669|3225
115|6909
670|5449
670|2222
302|8233
670|4572
666|1150
670|9101
670|3987
513|4353
670|1276
521|8386
670|9438
21|7017
194|3516
671|9686
671|9965
332|2184
671|6808
671|5625
196|373
346|6170
671|5135
671|4056
203|4757
671|183
671|8065
563|344
671|2435
566|8544
620|5699
671|8309
671|7078
611|1060
671|3809
671|8111
133|5325
671|1395
96|330
231|2875
671|6512
366|5824
671|5946
40|9007
672|5161
369|9113
579|484
672|3735
672|850
158|1037
211|329
672|2563
672|9865
672|3069
672|5253
672|6714
196|5056
673|8947
537|8942
673|3393
673|2690
673|3397
673|857
674|6371
674|4483
430|4523
674|7642
674|8313
222|3524
674|7076
674|6537
427|7073
674|1044
674|3061
674|5392
342|6445
674|9517
45|2164
651|1410
674|4813
675|2698
675|8128
675|3302
675|4711
675|4030
179|7054
675|3341
675|3949
675|7776
602|5979
676|9581
676|7904
676|720
676|116
676|6336
2|3147
676|7479
677|2939
444|2318
677|7589
677|5200
408|3538
677|4095
677|5961
360|8424
677|9538
32|18
408|2775
677|2497
677|4951
472|8983
678|4680
678|7411
678|2333
678|6756
396|2269
678|5252
123|853
678|8597
280|1126
296|7782
678|6750
678|4052
678|520
449|483
678|3465
678|5108
678|3412
54|6269
193|7639
678|2712
605|8101
679|7632
679|3585
352|2948
388|5602
679|5269
21|7900
501|7745
679|5379
48|1217
679|4132
604|12
679|2395
658|8621
679|930
679|4698
679|99
38|6610
59|2831
680|4508
680|1904
200|6771
342|6068
659|8846
680|7375
190|3624
680|4432
231|6238
352|7057
680|2793
112|370
512|5823
680|7341
479|2969
680|3410
680|6565
681|4488
681|394
422|5067
681|3695
681|6554
681|7355
18|9031
349|3124
682|1554
111|5231
260|3216
682|6435
683|54
683|3186
489|5710
683|481
65|9223
683|6130
675|9158
683|7951
683|4287
683|9348
683|8671
41|3258
299|7168
683|1393
530|6039
683|4967
418|7762
683|5075
132|7476
683|1665
52|9774
678|2330
684|3708
280|3878
684|2992
180|5413
208|9441
684|3605
88|8594
684|4645
315|7
684|1115
684|6315
530|7189
684|9407
98|5319
684|9767
60|928
335|1104
684|1796
20|9011
49|991
684|5676
684|9102
685|3603
611|4481
685|3504
514|5122
685|9540
348|5398
685|7593
685|9037
234|7978
685|2981
685|6770
685|3787
685|799
685|8461
541|2214
685|1467
685|2941
686|5311
576|9054
686|9392
686|1643
70|2288
472|5720
686|1259
686|8838
686|7871
686|4478
433|4246
686|9061
686|3174
686|9672
686|1759
393|4669
686|654
209|9095
278|4289
686|5963
237|6995
686|6215
571|3510
687|4682
687|58
687|4704
687|3085
449|6064
687|5894
687|1240
687|9106
687|9042
667|86
688|6164
688|1290
267|2112
688|3864
492|2692
600|8525
688|38
423|4548
688|5972
688|1447
389|7452
648|2748
688|6128
549|9091
688|3642
268|9005
688|6858
459|4464
514|7777
689|2686
3|535
246|818
361|1812
689|6188
138|5202
166|2949
463|9533
689|7389
689|7573
689|4691
524|5400
614|2705
689|4290
492|2475
689|5429
17|1346
689|5679
482|2961
690|1359
58|9673
308|3055
430|9486
587|6433
690|3501
690|6507
690|5389
690|1293
690|9231
690|7555
690|5627
656|1255
690|2958
564|4896
690|206
336|9750
690|9707
50|9123
550|1648
690|9385
690|286
71|924
394|3620
690|7068
690|674
691|3541
457|7106
680|6354
691|7094
69|3102
442|7456
655|2455
691|6367
582|3500
691|9502
440|4511
691|5878
691|3346
346|6059
692|115
692|4655
82|8898
692|4857
692|4444
433|9587
692|5227
693|607
657|1984
693|7585
693|5146
693|7659
366|2852
693|5237
693|8500
693|3916
104|3438
453|862
541|21
692|9680
693|7096
693|7599
694|6543
633|3194
694|9048
31|6131
694|5895
70|9251
694|7458
694|1686
694|1253
694|4746
294|4830
695|8402
176|6602
482|5810
695|5843
695|1851
30|4585
695|9464
497|446
695|4216
355|5498
620|5543
695|9852
346|6885
466|413
537|8009
695|3418
696|8381
696|7629
696|2996
696|2303
696|3368
294|9655
697|1389
564|3802
624|4352
697|20
11|6588
343|8032
697|2110
302|6755
697|179
697|1739
422|2208
697|4361
119|2279
697|5982
697|5479
58|3139
583|6968
698|4933
698|9689
418|6347
698|9404
463|1744
698|938
269|7256
698|2891
609|9825
698|9307
197|8430
430|1678
699|715
157|2227
248|2772
699|5031
664|4692
699|9554
699|9393
700|3314
103|1881
700|6986
217|6154
700|1254
181|1422
700|2108
415|6311
700|9907
240|748
261|7430
444|1378
701|2185
701|5753
701|8560
428|4316
648|1098
701|5442
701|2412
391|8161
701|7385
300|8994
701|3673
701|4162
429|8561
568|4558
702|4635
702|3173
296|1915
702|7785
351|7132
702|9522
702|6458
702|4912
103|4764
148|9126
702|6335
702|3575
447|3369
702|2103
702|6403
703|2501
491|1788
502|7052
703|2370
703|6711
388|3130
703|2986
703|7586
206|4469
243|6925
703|1349
628|490
703|2398
47|5560
704|7807
76|9848
704|9619
59|9149
554|189
704|2827
255|4685
704|4892
704|9732
705|7250
421|763
705|5
18|2322
24|3158
705|9320
696|6431
705|2314
629|4014
705|7373
705|2524
171|4588
705|3126
419|2844
705|1927
705|5913
469|5274
706|3150
107|1667
304|5914
494|262
651|3623
706|1261
326|6103
353|7371
706|2545
706|8694
706|722
706|935
706|3779
461|6247
706|1294
350|643
590|6722
706|1329
706|2821
706|1296
706|6962
707|7410
707|8493
170|3678
641|1805
707|8502
707|1950
707|9911
707|204
619|5779
707|5814
707|6317
707|998
589|9399
628|9638
707|2313
707|1787
707|8205
708|8981
708|6531
326|6217
708|4492
708|8274
340|944
708|9164
60|210
304|6264
708|8400
120|4251
708|1530
708|3760
123|3902
669|1908
708|9262
708|4780
135|3601
708|4037
709|6149
709|4825
279|4382
509|8255
709|1835
64|3059
176|4920
216|8930
709|6838
165|3286
666|4393
709|2232
709|7497
69|2277
709|5470
515|9456
709|846
696|7405
709|6767
38|2129
703|7493
709|5388
121|4601
709|9786
710|1070
58|4747
678|6483
710|7506
281|6389
284|9212
378|510
710|6584
710|2654
710|24
35|7952
710|5083
119|5919
710|5721
517|6836
710|5304
687|2100
710|616
71|7749
710|3691
109|4650
689|2460
711|3042
711|6189
17|3270
711|626
711|8929
711|4960
663|2181
711|6339
124|3236
712|4229
630|1128
712|1201
300|7381
712|7933
712|2689
477|9073
712|5998
393|2951
712|6647
263|7181
712|7923
712|1312
712|6426
60|851
124|999
712|9577
712|4167
53|8311
712|119
531|8639
712|7851
24|9425
712|2003
712|7274
256|8383
712|3868
218|7795
713|6967
713|4708
252|8028
361|6706
617|7084
713|9902
3|9716
301|9779
387|6620
713|7213
713|9435
275|4198
644|4405
713|6412
540|751
713|2089
713|996
640|7188
713|8727
380|6835
714|9960
179|2128
714|6469
51|5262
714|9302
714|2997
50|3366
254|9139
714|9792
390|4253
714|7035
99|8048
376|9414
714|2261
178|2544
669|962
714|123
714|9546
714|1703
714|3294
715|735
715|6214
17|4598
223|7503
715|6274
715|2014
715|140
715|6173
298|4802
472|5712
715|4394
698|3813
716|7137
92|5845
716|8330
267|4283
352|2437
716|6666
137|9753
716|1252
652|3025
716|8951
194|1174
716|9601
716|5247
716|2504
223|4683
432|405
468|4443
717|346
642|9257
717|4135
717|8803
40|4228
717|872
717|1042
39|8922
680|3364
717|5607
717|3205
717|4737
717|9813
717|2989
102|5761
712|8372
718|2912
231|4318
718|4776
718|3514
370|1023
718|4670
718|3000
718|2652
190|3494
718|7228
48|1774
718|9403
21|9539
718|1005
530|5561
667|4545
719|5586
416|7284
719|1367
719|9188
260|3725
378|8409
719|1165
227|3639
719|6030
650|4864
719|2385
719|4700
163|5640
712|3021
719|3172
331|9129
719|673
719|5160
720|7643
595|4861
720|1500
212|2600
606|2568
720|5255
228|4608
263|5124
720|3400
720|217
94|1459
720|5097
720|389
720|3394
721|801
721|9646
366|6374
425|2205
721|6186
721|284
721|1864
721|3818
721|6523
721|1735
319|2452
721|2848
544|8127
721|9023
32|4584
722|2548
722|3667
8|1804
580|810
708|2421
722|7843
722|9882
244|3125
722|2084
722|2983
722|8936
722|4532
722|3644
444|3430
722|1012
723|8511
723|8550
296|9547
723|8691
182|2073
723|5571
87|2802
253|1113
317|7644
625|6278
723|9824
723|5906
636|2839
724|6152
183|9207
724|7853
724|6296
711|8868
724|7538
261|8785
724|2248
370|9993
587|9593
724|9076
724|1151
198|957
724|5026
724|3870
724|378
57|2829
257|7876
361|6493
724|8665
582|9110
725|5893
725|3904
725|1311
725|6822
725|1816
725|5936
664|475
725|1482
530|7634
680|6931
725|61
725|5001
725|2754
153|5361
526|8320
725|9552
120|7646
725|2532
725|1633
723|6455
726|1513
726|8613
726|3353
244|6642
726|6573
726|1384
297|9329
726|1628
250|5942
726|3520
465|5174
726|8452
726|6165
726|2124
726|6797
351|9829
428|1972
724|7517
726|3729
726|6886
197|8428
727|1198
92|5051
727|6851
331|4618
727|5533
727|282
396|5984
727|8973
728|6468
122|2325
339|9876
728|907
85|6327
728|8896
728|3073
315|6946
656|2045
728|954
480|3752
728|9021
235|5578
728|3803
211|5976
728|4770
487|7920
728|6895
526|3256
709|1170
728|9742
82|7115
290|7729
728|1609
455|916
728|9551
729|2663
561|1873
729|2327
380|1157
724|8117
729|1556
729|5736
729|4722
729|9916
281|7399
729|2803
729|1319
729|3377
9|9018
146|4828
730|4094
400|4242
535|4517
730|4877
730|694
730|8851
544|6634
730|4551
730|4593
730|6760
99|6598
278|4143
730|4192
730|128
730|3940
730|2206
196|2858
730|1442
142|8414
730|4194
198|5438
645|807
731|7353
40|8018
731|5756
186|3946
731|4008
731|1914
731|6459
731|8151
731|4557
181|9117
731|800
731|4910
40|3370
666|555
731|1065
59|2695
732|3651
732|9843
37|2410
732|2351
732|9077
732|6251
260|7544
373|1834
732|1778
250|2627
545|3262
732|995
555|2171
732|8910
436|7533
732|2357
12|5511
98|5259
733|7141
68|5211
733|8024
733|3675
611|521
733|1316
323|8682
567|5815
644|5582
692|8211
726|5759
733|31
518|4755
733|8756
733|3861
733|2800
733|8867
63|5044
356|7781
734|7466
116|4356
734|8579
346|4873
734|5513
703|6621
734|7534
734|5068
342|1823
520|9516
734|6397
734|8708
632|7259
734|9625
734|6283
735|725
735|7033
735|4513
459|7122
735|9217
63|3969
735|3865
27|1400
247|2350
735|9273
735|2873
735|7886
735|7171
651|8178
735|9928
735|8522
735|7291
736|6013
277|1575
736|1197
736|4036
736|5798
154|5835
736|1344
736|3127
323|4883
736|1586
736|4023
736|4016
736|9564
737|4064
396|2872
737|2835
535|6530
737|9997
437|4407
737|1758
737|302
738|8847
738|7406
738|213
738|4371
180|6265
277|2944
738|1121
303|2250
738|9949
739|2390
572|1952
583|8706
739|5371
739|6577
25|8887
739|454
739|5643
337|5338
739|6287
191|7863
739|6912
724|5529
739|7366
415|2273
607|8096
739|8676
544|1844
739|4380
88|7383
739|4752
325|1001
739|340
693|512
740|940
147|2947
522|2116
740|5162
115|5816
378|1421
688|4894
740|5038
64|3051
740|6945
210|3827
274|7427
740|8326
367|634
664|1507
740|2276
157|2999
310|1783
740|2668
13|2018
348|4421
601|6464
740|9770
210|6137
740|6337
531|332
600|8285
740|7082
473|8954
740|9919
740|8498
212|5397
311|6980
370|9863
741|2009
380|311
479|7136
553|829
741|8583
741|399
700|7988
741|7158
741|4626
85|3006
124|2482
427|785
742|1964
237|3674
531|6105
742|7675
742|6148
40|3525
242|7006
682|7254
742|5045
105|5885
481|1502
742|2788
742|1757
742|7859
665|734
742|8816
304|4881
742|3715
742|333
386|7792
743|7968
568|2425
743|1789
743|5145
184|1326
743|731
389|9125
481|5668
743|4986
334|5107
743|774
551|3242
744|4631
424|6718
744|8524
468|6333
744|6118
231|1626
744|897
305|4987
744|4811
132|5005
371|7987
574|4630
744|7674
744|2278
274|6659
414|398
744|1876
605|8537
616|4431
744|4624
744|4662
575|2531
744|7039
52|3479
744|7982
223|653
744|3132
745|8536
583|5195
745|6407
745|157
745|6692
715|8774
745|5088
636|9908
745|8442
745|4455
591|7206
630|7182
746|6025
746|6248
746|4903
746|9473
567|9421
746|7034
204|172
506|8660
747|7654
747|9489
747|4310
244|3570
747|7139
347|6905
665|5298
747|1528
391|7499
747|7870
365|2170
747|5581
747|5462
747|3713
286|47
429|9466
748|7225
748|1450
748|7401
748|6608
748|9361
277|8884
748|1353
748|8078
748|689
464|6418
748|7446
500|6694
748|3977
748|7613
748|1868
748|4854
430|9040
748|8906
749|3800
437|1046
629|6591
749|9470
63|1767
749|3799
617|2590
749|9105
749|9239
193|7941
749|16
310|2377
563|3407
749|2235
82|2258
749|199
34|4040
749|805
317|7101
506|1863
749|9181
750|8269
750|8193
228|927
750|6353
378|8520
738|226
750|5711
750|1582
406|1726
606|630
750|1951
19|2906
750|2026
325|348
750|6951
750|8186
750|1729
750|9379
129|1058
502|1288
750|1160
23|609
82|7765
750|2926
324|1560
607|625
750|4100
751|9616
531|375
751|1996
751|9943
513|1814
516|6235
653|6478
751|6700
751|526
263|9545
751|3299
204|9827
752|5355
313|4525
752|4249
243|9010
538|6774
752|428
752|7662
752|9777
41|9004
752|9565
417|4263
523|8507
631|4278
752|55
753|9270
753|4101
753|4072
753|506
508|3121
753|5060
49|5787
753|8220
753|5859
4|2265
753|7619
753|5378
442|8344
667|8310
753|7156
753|4321
655|5960
753|4644
537|5819
753|6654
236|2664
753|3756
753|9397
383|8478
753|5537
506|2644
754|3350
331|3879
754|7328
129|1598
566|1978
604|4713
754|5778
113|5431
592|7257
754|6739
249|1724
716|902
755|1874
755|719
755|8724
274|2879
460|3497
646|2724
755|1406
368|87
589|8026
755|6071
179|3990
384|5204
755|7194
755|3629
755|7481
15|9743
616|1650
756|3943
756|525
756|6699
388|6135
458|1114
756|2293
348|7267
756|8079
89|5312
756|6559
241|2446
756|3176
756|5841
53|3243
244|9947
756|4032
756|1526
756|9136
586|321
756|2815
749|6826
757|239
757|444
57|185
757|7813
306|2676
572|4583
757|6382
148|6151
757|3476
757|7825
757|1446
739|1608
757|3521
658|4724
757|3252
101|6557
757|6963
757|1691
758|7477
758|8051
758|2487
504|3374
758|1196
358|2471
758|2603
758|2158
758|3046
759|3892
178|9558
325|9611
759|4906
248|334
759|5724
759|4088
759|3379
44|680
759|4123
567|9225
631|4657
759|4022
759|8795
759|4634
759|4269
460|5937
759|9398
136|9550
747|249
759|4236
504|8077
599|6592
759|9585
760|3444
702|2440
760|5144
110|6125
179|8565
424|9900
508|1089
760|8506
596|2878
760|1515
107|7496
617|7614
760|5544
760|402
760|3112
416|1333
721|564
760|2808
760|4715
322|7844
761|118
761|4753
525|2082
761|1449
761|7392
102|964
511|6606
762|1219
762|3303
41|6266
762|101
109|9927
762|5536
92|7755
762|742
762|1913
762|7351
762|8890
292|4291
696|6069
762|3373
82|6941
720|7494
762|4221
763|5368
617|5523
763|5396
763|8137
258|7907
763|3506
383|9559
763|9185
316|3273
463|3359
763|1572
278|1527
763|1900
763|7023
428|9242
537|3421
675|4344
763|3013
399|133
763|3592
202|8295
764|2953
475|8875
764|4493
539|2430
764|4442
480|5288
764|8619
61|6277
175|8820
764|8260
102|2863
730|3018
764|3493
435|4821
764|6791
547|3017
764|2897
453|8944
764|37
765|2645
765|2371
765|1848
765|6506
765|5032
194|9678
765|8607
464|8901
535|8280
765|9476
765|4735
149|1827
766|2054
560|8061
766|6139
71|2159
766|1236
111|6724
146|7655
766|8088
766|9465
766|8374
767|1803
720|5119
767|11
207|3532
767|8456
691|438
767|5093
767|8860
346|5104
767|6119
767|1597
161|730
668|2968
768|2928
464|1498
768|1436
589|8480
731|7370
768|8365
445|4105
461|5046
640|2066
768|2535
468|717
768|3519
464|1581
768|9325
768|4005
568|2859
768|9662
768|8163
3|869
194|4081
397|716
618|7780
768|8289
152|6419
768|7722
73|9644
84|6157
769|4268
146|6687
328|1719
769|65
320|2365
440|6789
769|7854
769|412
769|3235
769|7125
158|8589
468|6657
769|9372
591|4649
769|2441
479|6061
769|3120
18|3401
265|1067
281|6239
769|9915
255|4611
770|7092
770|9982
770|1357
221|1118
418|632
770|9665
770|504
457|6524
770|5261
754|8751
770|9695
770|8870
1|7995
31|5082
692|8920
770|8721
388|6734
770|966
276|845
771|9484
556|5896
771|9130
771|9276
525|2035
539|5383
635|4844
771|74
771|5912
457|9074
771|7565
342|2267
771|8363
771|1223
678|8999
771|9590
771|9988
771|3200
771|2383
672|2995
771|2403
771|5266
297|2916
771|4365
249|1266
772|5436
488|7713
772|4367
277|9219
772|8808
772|8264
576|9387
590|9355
772|8250
772|921
99|6390
772|7113
338|4895
773|758
151|7530
773|2130
773|3701
38|934
298|8926
773|9513
773|4671
773|8982
604|3533
773|7684
773|4339
113|4651
189|110
773|6614
67|3212
595|6041
773|45
773|1883
214|4762
772|4053
773|2592
773|2080
773|8864
222|4280
411|6044
774|4214
774|676
266|8580
272|5113
732|3117
774|6913
774|2752
0|9066
311|9081
774|6503
63|5201
774|5100
264|358
638|3781
774|9703
661|2917
774|5295
351|4979
774|2933
653|7890
774|4938
60|2290
774|2165
775|994
775|5256
775|3011
251|1002
279|7008
550|7699
775|88
36|7917
775|4679
775|2762
486|7928
775|1457
775|3734
150|357
227|9752
324|5009
518|9090
775|3973
191|943
279|4928
536|7037
776|9698
69|7282
469|4596
776|8601
127|4582
776|2060
776|6358
603|7905
776|592
776|5792
294|7688
776|7180
776|3743
776|6581
182|1580
777|8799
85|6892
777|8918
347|3649
777|5941
367|4721
777|6827
777|6544
572|6363
777|575
540|4219
777|3511
19|8294
777|5689
358|5717
777|1167
346|7700
777|6623
777|5768
777|9133
486|8559
777|9218
443|7753
778|7026
117|3143
605|9912
778|2507
348|4628
778|5066
590|2155
778|4168
778|9210
778|9291
779|9844
19|917
41|6003
388|4605
779|1550
779|4066
245|4237
779|3199
779|5381
26|7403
273|2042
779|5583
27|9228
779|8002
779|8275
779|2865
779|5366
715|5138
780|6350
587|5179
780|5489
780|7947
780|7471
503|379
774|5880
780|5688
780|89
423|3343
780|7588
35|7426
287|414
780|9568
780|4880
780|8590
780|9351
118|8223
780|6876
780|3537
699|8403
780|4370
780|8412
781|3300
17|7607
604|5029
781|7737
22|5743
781|772
116|1999
781|236
691|2049
781|5626
505|9866
636|4341
781|956
45|3064
59|3997
389|1567
781|4941
781|5926
361|8113
782|391
416|8063
782|1091
679|15
782|4184
782|3456
782|9904
432|1159
712|2656
782|4285
782|514
782|8008
15|5995
211|2972
782|5891
782|1630
782|9313
782|4020
782|364
782|3153
281|1961
782|2247
782|9060
34|3269
782|3288
517|8996
568|3289
782|7720
782|6519
381|9979
783|7622
235|1584
783|3340
783|773
306|5907
783|4243
783|5340
567|2055
602|5484
783|3699
783|8539
346|7925
783|7011
108|4260
111|3894
247|7546
662|2641
783|562
783|469
12|7290
40|3220
666|5243
783|9584
784|1189
784|5221
448|498
784|1372
580|8879
784|8070
714|9303
784|6775
784|6738
784|2484
81|3167
259|1200
784|5930
785|8490
511|4665
785|1414
785|5975
176|9899
255|7185
785|3179
221|7126
785|5335
373|8119
446|6814
785|7709
785|7946
785|7604
785|2845
785|6425
785|3932
785|8835
208|7025
785|2259
785|8360
265|6779
280|9432
786|3883
222|8797
465|7531
786|6439
786|3320
137|6218
786|9323
96|1578
118|4141
249|9886
492|2717
786|2386
497|3560
533|2465
786|7416
786|6500
751|5440
786|574
25|9373
787|5898
659|3098
666|2167
787|1086
147|3032
787|186
787|4917
56|1107
787|5318
336|6385
787|8889
601|1552
787|2266
94|1164
787|8375
594|9599
787|93
291|4684
787|7509
787|9518
538|5085
642|1440
787|6735
787|7098
308|3109
570|9430
788|8132
788|7916
708|4232
788|8098
738|6375
788|7111
269|9469
352|4820
788|4452
788|6631
788|4450
318|9627
789|9294
350|3583
789|4479
789|9628
789|9500
118|6545
514|3565
789|6060
22|534
789|9405
789|5351
559|9184
789|3935
481|3741
789|894
789|5155
233|380
258|4731
298|2033
789|2516
441|8146
540|9859
789|5076
389|9475
789|9607
426|2321
790|7467
790|1363
790|6074
98|7789
335|8392
519|4461
790|2375
207|9999
269|7032
391|8292
790|3332
193|4538
410|8419
790|6740
790|2078
790|26
159|1235
790|9234
790|496
791|1451
791|5846
229|2985
667|4754
791|8516
791|9987
56|5482
791|7231
791|4354
791|64
752|9966
791|3028
791|8818
791|6234
56|6745
791|8242
177|4477
791|5015
792|793
291|9771
792|6010
792|4049
505|7473
792|8725
792|3483
176|441
322|424
792|385
102|1618
250|7702
531|1262
628|9468
792|9815
578|7255
792|1031
792|242
792|7693
625|2019
792|7867
215|5844
627|4995
793|9512
414|8646
793|3163
793|2234
469|6276
793|9780
560|138
793|1212
177|2037
292|2870
793|8368
411|280
793|5558
504|7996
793|1533
793|7075
168|8303
793|8534
793|9642
794|9788
794|2012
794|8191
369|2315
491|876
499|1390
794|7828
121|9959
183|8091
794|7114
794|4522
411|1145
666|906
680|312
794|3161
687|2093
794|9793
794|8393
794|4658
339|3889
794|8236
794|8349
794|1356
575|8323
794|4600
794|2481
158|220
420|4026
749|8438
795|1299
753|3354
795|8168
155|5234
288|2263
598|7235
795|3926
795|5659
795|14
551|1601
795|9839
690|8888
795|8441
795|4427
795|7587
796|5353
796|3280
796|9281
796|3398
499|1491
517|5189
796|2523
796|6671
796|3568
188|7790
512|8123
796|3712
796|1156
178|2834
796|3213
796|7637
729|2489
797|5715
12|7038
778|6057
797|9321
9|1766
697|4374
797|4329
402|8503
450|1213
480|6721
580|5111
797|9515
762|4309
797|1029
797|2746
121|7454
797|3472
72|4766
797|5185
797|8783
413|2678
496|1861
798|130
486|5807
798|7525
798|9748
645|2915
798|8027
217|5173
526|7736
798|7316
798|4751
201|517
798|3246
798|3471
72|8014
454|3899
798|2091
78|6032
541|1335
798|5490
798|3690
798|3347
359|5382
518|7874
798|970
798|4544
531|2450
799|4028
697|2417
799|187
799|2975
799|613
799|7239
799|411
800|7636
645|1063
698|4664
800|1061
800|7377
131|3968
545|6107
800|6729
86|4858
800|2856
145|3897
547|9939
711|7527
800|1069
338|2399
800|3219
31|1380
642|2028
800|2572
746|6792
800|1973
801|1466
801|3888
801|4885
801|3983
137|5854
401|5732
638|7893
695|6701
801|7909
801|2319
801|1906
676|9797
801|6778
317|9948
801|1825
134|3637
801|9324
665|2670
801|8097
293|2794
374|1536
725|8317
801|3951
801|8913
802|9594
18|8871
802|6723
802|2555
566|6065
802|9877
231|7236
802|5393
414|6785
802|1472
802|3058
112|7293
803|6369
803|5836
544|6267
803|4749
803|4516
391|6680
511|3999
803|3145
803|4069
803|2363
459|3604
803|5680
803|2414
53|627
291|9458
674|2876
803|8390
803|4851
435|8190
639|9527
803|1476
344|7850
804|2419
804|7602
456|3632
804|1709
101|9154
507|6304
776|3381
804|8642
213|7549
789|5840
804|9880
556|826
657|7727
702|1426
804|2310
384|6472
804|9221
421|7051
745|1152
804|5550
142|5297
263|270
618|7417
804|1995
522|2114
804|2546
804|2301
80|3645
702|9697
804|248
805|8623
805|3742
362|5765
805|9268
805|247
707|2862
805|6383
784|5129
805|1765
38|9161
339|4772
805|1341
444|1990
805|4207
454|5741
806|3692
806|9478
806|5752
390|3312
741|4956
761|4998
806|8952
214|5257
594|8831
806|9896
746|8172
806|740
365|1920
806|4740
806|4676
550|486
806|8422
806|3552
806|5657
806|2851
806|8877
158|3793
806|5441
538|9737
806|1461
807|6314
807|3118
807|2
173|5465
807|8531
807|1188
807|9542
799|6640
807|6002
807|6817
807|4763
807|3344
424|542
807|287
808|1693
808|5443
808|9334
631|7949
808|4377
537|5478
808|7924
339|8464
808|9661
808|8312
112|565
808|6481
363|152
642|7487
809|8382
158|736
809|6863
198|1080
317|3652
483|4781
809|3621
113|2833
809|8722
2|4681
809|1122
809|2613
634|7666
809|9537
809|418
809|9442
809|3911
581|4350
809|5434
697|890
809|4024
809|369
809|158
573|4991
809|8270
527|9921
810|2809
525|2464
810|5988
426|4901
484|5272
810|8315
5|165
810|8000
584|3914
713|708
796|2047
810|4411
810|1148
733|3382
810|4195
810|6920
514|1656
574|6670
810|9340
122|5128
810|9108
134|8075
531|4073
810|1366
50|3910
217|8015
570|296
810|2537
286|9618
811|968
811|322
18|8134
578|1685
811|8834
811|6225
811|7747
500|4009
811|9293
811|6017
231|7623
812|9623
539|3965
642|8396
784|591
812|1093
812|4307
664|4502
812|6996
142|6090
245|9941
361|3717
812|8359
786|7097
812|913
812|1675
353|5347
569|9227
580|4151
812|3169
812|3909
812|3209
812|7147
54|6617
122|6159
622|1929
812|234
61|3553
813|4165
595|7102
813|6783
813|7930
99|5095
813|4947
268|2513
756|2687
813|8090
813|9567
259|3573
698|4146
813|4794
813|8031
813|7679
324|1932
813|4317
813|3007
243|1101
814|5650
814|4923
231|6643
814|5506
814|7831
213|8573
814|4323
620|5102
814|435
506|8861
814|6191
728|903
814|9367
814|9368
814|8
814|3005
346|8779
814|752
253|6378
476|571
814|4768
814|258
457|6806
814|8876
352|9713
623|8448
814|1478
814|4230
814|2161
42|4012
815|6841
136|1699
419|9806
815|1302
231|8143
319|692
815|7138
626|1887
815|171
815|6193
815|1682
815|9170
638|3038
815|263
815|9730
44|4397
728|5740
815|6900
815|1938
394|4021
815|9146
816|3739
57|1621
398|3231
458|1022
816|502
816|4725
266|473
816|2647
238|2006
816|603
647|2743
817|9834
100|9853
817|5027
371|3686
817|6084
341|2881
408|3711
817|877
817|7009
579|6594
817|2478
817|4210
817|6656
157|7244
311|8937
817|3641
817|5307
818|2145
818|2337
263|29
543|7495
818|6018
315|951
418|8850
818|500
818|4594
685|325
818|9576
20|2884
818|9992
200|6318
818|3923
818|7287
599|636
818|7641
164|7368
818|6668
818|4320
819|6520
187|9209
361|7767
563|8406
819|5973
819|4841
377|1020
668|7431
819|5057
819|8967
58|4275
819|3732
148|4592
467|9141
769|598
819|1238
819|6662
225|842
567|1106
819|9036
819|3155
23|7706
416|230
819|200
819|9889
285|6450
820|3736
778|6427
820|2909
820|9801
820|9109
820|69
110|7469
307|8512
476|9191
820|4308
633|8327
820|3311
380|815
821|2198
821|9319
174|4186
821|5373
821|7884
821|578
479|3301
821|7504
683|4015
821|538
461|7170
821|4530
821|7207
821|1205
274|8854
797|4659
821|9448
818|2099
821|7262
821|3447
524|5421
821|3564
821|3669
653|8276
821|8693
308|1280
821|181
821|462
601|6040
822|5776
822|4332
273|6875
594|7829
822|7633
679|7606
822|7842
822|2074
322|5609
822|4466
822|7624
822|90
822|9305
214|2673
822|1397
433|1933
822|1680
534|4943
823|4641
823|915
823|7175
371|8068
823|594
129|97
823|576
735|2352
823|2443
823|2029
824|8532
241|5279
327|4874
411|6638
824|4218
198|8475
778|2737
824|5637
36|946
824|1696
692|8569
824|4925
824|7326
824|3241
824|7394
618|8131
825|9094
96|648
825|942
825|4568
825|1428
825|7738
825|452
127|2056
146|3780
825|5949
48|2007
623|4519
825|4276
699|1038
825|7716
464|6329
825|4425
826|6977
98|4325
137|9197
826|2874
112|9238
826|6867
442|4526
800|1383
826|6488
103|659
826|9202
141|3640
802|840
826|3466
640|3029
826|3360
732|5035
826|8208
189|7953
827|5862
27|8278
820|2427
827|8717
359|2633
629|9388
827|9651
827|4239
827|5488
827|9246
604|6388
672|1216
827|5028
347|8229
827|3850
268|9731
828|9950
828|621
553|5956
828|9796
578|2889
605|1497
828|7620
17|7044
828|5151
798|9925
829|5786
829|1746
411|9214
503|2194
774|7183
829|2179
604|895
829|3047
159|7657
829|9735
829|3763
829|9138
829|3001
829|9692
829|7443
829|8093
169|9311
350|7047
830|5041
830|7151
830|7433
830|5899
337|1718
578|8277
779|5692
830|3609
344|7519
830|7763
830|4868
184|4039
370|3792
830|5050
830|6420
529|1413
744|3433
830|3981
160|4343
830|1555
752|6688
830|5089
223|8052
830|9668
823|8546
830|6529
318|7021
526|590
830|1935
168|5141
830|4
404|8108
814|6020
831|7363
831|8380
22|5461
207|2016
831|2801
831|1062
165|67
831|990
371|3759
831|871
582|7003
665|7252
832|787
429|1041
617|8165
832|2284
790|4622
832|1182
832|9103
68|6809
832|5310
832|8356
10|3995
832|6527
832|5595
832|2566
701|4539
832|5697
308|3278
346|6201
833|3634
114|347
451|9337
609|1857
833|9150
343|7358
833|4602
31|8266
833|1009
425|9851
562|5932
833|464
160|7596
833|824
809|8948
833|3772
833|1315
833|3070
833|4336
833|7892
833|7734
41|8099
164|1318
834|4930
834|746
218|5265
704|8541
834|1954
834|7741
812|9719
834|5985
185|2027
373|2956
834|6940
371|6716
552|3679
834|4006
400|1371
834|4176
834|5541
236|3253
686|8337
835|6406
307|4952
835|4177
781|5260
835|649
476|7367
835|6309
154|6727
835|431
835|6051
835|1051
835|1818
330|2331
835|2923
835|4806
365|2846
526|3106
836|8454
477|1494
657|830
836|2587
356|1206
836|5764
836|2113
836|1889
6|5352
836|6026
836|3142
408|310
837|4025
290|3080
837|9613
521|489
788|436
837|4103
640|4211
837|2153
438|8866
837|7461
390|1924
837|1875
837|1641
837|9842
92|7944
837|4849
146|1464
837|3232
338|4490
837|5935
201|3697
838|7977
188|8440
463|3852
838|9696
531|5512
838|8105
838|6120
838|4981
838|2730
101|3927
440|5501
552|6930
566|9496
838|8166
591|5062
838|952
189|7687
790|2900
838|893
838|9501
838|3853
838|8669
838|6816
838|9386
202|9434
479|8494
839|8342
202|2792
839|5928
839|129
256|5966
839|2511
156|6356
839|5278
97|7611
839|9549
839|870
644|503
744|8479
839|9026
303|823
365|6288
840|9702
455|1338
840|5112
600|8192
840|1596
840|5789
9|2434
303|3277
771|8034
840|9734
840|9439
598|7069
840|4125
841|797
841|8112
178|3597
630|4510
841|1017
562|6305
841|4678
527|8449
841|2559
808|6111
841|3095
617|1362
841|456
841|7835
541|6081
841|8416
841|1391
183|5059
409|5190
841|753
10|2101
841|2723
692|1898
841|2144
841|430
841|9898
505|5831
841|9641
418|9140
842|3829
561|9412
842|9639
842|9168
28|6990
554|6525
842|640
150|1821
842|2338
842|7105
210|7802
842|7108
657|4687
842|9053
842|9582
842|5685
842|8432
843|6050
0|5858
843|1974
181|9990
265|3849
519|5013
843|5333
843|4045
843|3768
620|8726
843|5049
843|1642
589|8829
843|3050
843|479
59|5948
843|7880
240|8019
843|3614
307|9588
844|8086
166|1163
844|8361
844|7912
844|6842
440|7910
844|8615
844|1649
15|3326
111|5887
289|1965
844|7959
29|539
634|5444
844|8155
628|3876
844|1278
844|2646
844|5258
844|9235
845|5158
31|7331
845|2868
565|1132
845|6096
732|7261
845|4486
845|4041
846|1563
809|4208
846|3499
254|8968
330|4358
846|2617
498|109
846|8377
846|2496
846|4897
846|182
64|5691
846|6127
243|4793
846|5822
547|1777
593|9152
846|7285
846|5248
846|8961
71|6029
847|5445
619|7575
847|9725
847|4131
166|3448
378|7365
847|5322
847|2922
599|7570
847|5967
847|8695
779|4104
843|7166
847|9700
130|2311
781|5245
847|7833
847|6229
847|3227
67|5137
847|1034
330|4577
440|7834
636|6123
847|8136
12|2135
847|9437
690|4914
847|459
256|7027
345|595
660|9088
670|9196
847|9956
563|3571
848|3778
67|4730
848|4224
384|3003
594|8761
848|3795
848|7294
155|5568
269|965
848|5782
848|859
406|2105
848|2567
384|9364
848|1817
717|6502
848|9917
243|5708
394|9144
429|4436
762|75
848|1361
469|6460
720|5147
848|1782
438|6552
848|561
848|3034
218|2233
848|1731
849|1043
181|7307
307|2869
849|338
38|3473
129|5890
424|2502
849|4102
305|7671
373|9459
849|866
138|1539
264|2896
849|2632
294|9658
849|9203
849|4205
445|2062
692|3789
849|9631
537|6087
849|3371
644|3376
753|2892
849|2551
688|8815
849|6228
645|5590
656|856
849|885
849|8672
849|7594
668|3478
849|5794
850|1291
3|2148
850|4800
227|6988
850|8141
255|5504
850|7974
532|9681
850|7908
176|8429
850|1877
94|6637
123|8434
850|2296
850|6547
505|5639
850|2978
845|3285
850|6684
850|712
8|2368
349|9535
721|1277
850|9810
426|7275
850|7193
142|5735
215|8917
851|5981
851|2966
825|8318
851|835
408|237
851|6705
420|1980
429|6340
851|904
851|6677
852|2631
852|6376
757|6256
852|7464
355|9972
852|9883
852|2304
852|3191
762|7991
852|6679
342|7918
558|8476
586|6966
852|2847
852|5597
670|7921
852|2539
199|5580
464|3668
685|3221
852|8782
77|5528
852|8145
852|1721
291|6832
326|9849
852|9410
852|7787
852|8737
852|3081
853|7251
231|4161
853|5624
467|9621
570|8899
608|9769
853|1917
853|9172
853|3431
285|1658
310|2343
466|1269
629|6985
853|767
853|3390
853|6736
215|5820
663|3684
853|1314
853|5207
185|6765
323|2429
796|3535
853|5987
477|8138
854|5629
854|1895
183|5153
569|7222
854|5592
132|3345
670|1619
854|1925
538|4050
854|2790
100|8253
497|6330
540|8684
854|9389
162|1595
854|9903
361|961
855|1640
579|4038
855|2260
588|3110
855|6399
166|3020
432|339
855|4816
855|6522
176|8140
639|1651
855|7498
855|1131
855|1268
855|820
88|4908
855|7757
855|1846
740|7673
855|1090
375|3044
855|5545
855|178
856|3104
42|7369
442|9114
856|4978
608|5291
856|6768
856|3467
842|4823
856|3716
493|2955
856|6880
66|4270
150|7875
473|513
856|784
63|275
126|4058
856|4362
772|4727
856|349
857|7155
51|3257
857|5690
857|192
857|3450
857|6790
643|1657
857|3859
857|710
80|5182
333|121
728|6416
857|1490
857|3180
857|5508
857|9137
333|691
857|4621
641|6536
858|4128
858|6147
858|1171
162|6653
274|5604
858|939
366|196
417|8992
858|2476
414|1433
807|8914
858|8852
187|5387
710|3275
858|9940
655|6295
811|8742
858|9893
420|5897
839|6384
859|9634
765|3941
859|3905
807|1230
859|4957
859|197
859|4267
859|4133
859|3140
227|8453
859|8071
11|1499
217|5808
335|6175
859|3152
91|5069
859|6595
295|5658
549|3967
859|1734
860|8809
169|3439
319|6811
860|4169
860|6818
253|9249
860|252
860|2392
281|4534
654|6063
860|3208
43|2041
238|1379
290|2106
379|5532
570|1747
860|2218
31|3996
860|3071
860|8219
745|4824
860|4368
860|5321
391|4918
860|8159
860|5385
709|1345
860|7243
85|5860
822|4434
860|2728
274|8364
861|8985
758|888
861|9764
476|240
861|9656
667|8133
861|1627
104|3183
142|6092
861|4171
861|3913
861|3806
861|4589
862|7393
862|833
47|9510
87|5071
819|3845
862|50
862|8563
56|8636
862|6984
862|8946
862|6308
132|698
862|6852
210|2396
528|8321
668|1348
862|2683
268|6751
830|3141
862|3529
85|4547
862|3890
302|4139
862|8378
304|6846
602|4888
863|8919
863|6220
337|4496
388|3260
683|5694
863|4791
15|5346
244|2015
863|8958
183|8474
267|3835
863|4637
706|8129
863|2675
382|7318
863|8103
672|7024
863|9082
288|9369
593|1358
864|2071
864|5468
526|309
864|5947
52|1427
240|8338
304|6038
657|352
864|3166
193|2215
864|9193
864|6196
578|477
864|2849
417|3384
479|4199
864|8333
864|8650
864|7079
864|4566
398|9391
865|7447
733|6585
865|836
596|7940
865|2254
468|5416
865|4293
477|4936
865|6091
125|9592
127|160
865|5805
865|7238
259|963
737|1116
865|3424
63|8757
865|661
360|8215
865|645
597|6109
865|3502
479|8214
770|9183
866|9415
866|7364
170|701
609|1448
866|1460
39|3545
866|9267
735|2813
866|5762
866|5469
408|2971
517|3480
866|7855
93|1155
866|5099
432|4599
866|7050
814|7490
866|8350
528|4110
866|5871
97|2547
380|7330
866|9352
7|3714
866|3458
383|7062
866|3948
721|7246
866|1517
686|3454
866|1370
866|760
867|7649
867|79
867|4542
867|2578
867|1501
867|7001
867|1979
867|4847
116|2236
748|9064
867|9222
828|6033
867|3666
370|8598
867|2534
352|1424
494|4571
867|2770
80|1561
850|9097
868|3223
476|9067
481|3989
868|6443
122|529
615|8701
868|6558
27|854
711|573
868|3365
868|685
534|8892
868|3843
302|5714
396|5348
868|2774
325|8150
868|2890
7|3600
868|6939
868|6627
464|2596
868|3396
868|1988
868|9163
155|2436
375|6424
868|4955
869|9804
487|2860
730|5039
869|4187
869|7934
869|914
198|5021
855|7332
869|4506
607|1801
869|9365
869|5957
73|1245
646|7943
711|5755
869|732
869|5466
869|7537
95|5763
869|6937
276|6249
675|2963
869|3658
869|6037
869|9643
351|6650
869|3435
50|9961
470|6319
766|7520
869|1231
428|1082
870|1579
861|8142
870|1184
314|570
870|9333
870|3722
870|1053
408|8267
794|7733
870|1629
870|729
870|9428
870|8272
631|1310
870|8572
561|2744
870|4963
537|1485
870|2666
523|92
870|3808
132|2119
871|7450
871|5134
695|3144
732|5535
871|1793
410|875
871|8542
225|2719
472|700
490|5706
871|5719
871|2651
733|8234
871|3558
161|7110
871|1368
526|4843
814|5674
871|8635
871|8584
872|8259
872|7566
872|9609
872|6611
872|9116
286|9667
872|7898
814|2574
872|4347
872|9279
872|2281
614|8450
872|3039
872|1992
778|2305
872|1540
404|4227
695|2225
873|3210
222|7272
873|3945
67|9171
214|4084
760|9046
873|2348
592|7173
873|8963
7|3108
873|5522
194|2192
285|563
873|6492
873|765
300|3317
873|1181
70|3608
70|3192
873|7816
476|2877
873|8353
779|2220
874|9269
250|5683
867|9474
874|6596
21|988
466|5464
874|4001
270|9059
874|7485
874|9336
874|5992
874|1599
786|9952
795|1351
874|3182
875|5754
559|3757
860|4071
875|7954
875|1143
398|2150
875|2635
423|6391
876|1836
43|2924
113|6810
876|7948
834|8355
876|3463
721|7848
876|5613
876|596
321|4328
876|1795
876|3782
753|2903
876|6377
778|4591
876|5471
274|112
877|7448
583|3149
877|6011
290|4829
704|8813
877|6047
355|2819
877|6007
877|6323
158|7568
749|8171
877|7672
470|1858
877|6540
877|2166
877|1204
350|3998
878|9065
15|221
878|6878
71|5249
105|5725
878|5040
714|6112
878|5953
878|7489
720|9816
878|1453
878|6408
608|8998
672|3546
878|2850
878|8845
878|8935
878|1519
878|8104
878|2453
878|6859
878|5655
878|8997
879|6117
211|7574
879|6954
879|7521
879|3237
879|8932
835|4013
879|4789
614|3992
879|1531
879|737
879|7163
198|739
604|9498
850|6005
879|5323
136|7715
652|3178
879|4018
880|7885
685|6957
880|6461
880|8446
520|9671
880|3917
880|1975
880|8218
880|1847
210|3659
880|4124
880|5588
881|6919
881|2339
6|7436
51|7083
419|572
881|4003
802|9198
881|4472
881|7028
608|77
628|4406
881|8341
661|8964
881|3195
881|1079
881|7578
881|154
881|8499
881|7562
881|868
882|2246
281|2637
764|2522
882|1434
882|2825
882|1228
320|3961
645|445
882|6566
284|6773
882|3555
307|3265
810|7088
882|1710
742|2639
883|1522
372|7774
883|2024
541|7711
883|809
291|588
883|6603
883|2077
781|2133
883|9955
535|4887
883|4059
33|7961
883|1751
400|3512
883|6702
78|4805
883|6535
172|9096
883|8557
318|2804
443|2693
883|9299
314|1207
547|308
884|2979
233|6749
884|4160
767|9055
884|1652
488|7356
700|8227
884|2726
884|5729
884|2349
831|6054
884|5425
884|8592
84|8949
288|4233
884|5900
884|3336
291|2359
884|4604
884|8549
377|5403
884|7728
884|9981
726|9968
884|8780
716|28
884|8239
885|2672
885|4570
773|7668
885|7889
32|9014
592|8978
885|6294
885|9263
885|6635
886|7091
478|979
886|5799
886|7845
365|2864
886|2485
257|1496
770|4256
886|7964
886|6916
886|4668
43|6415
387|1985
886|2162
88|1376
886|9301
518|3508
533|7245
887|6648
887|5264
887|4114
147|7704
888|6219
888|958
888|5103
888|2140
633|4319
888|4306
162|2604
888|5293
508|8873
888|7676
888|7590
888|1505
836|2618
869|6928
888|8407
175|4313
198|1234
555|1565
889|5665
844|5194
889|3958
266|3351
675|2237
819|4495
889|4535
563|2910
889|7799
859|1458
889|7295
852|2389
889|2761
235|7882
889|4451
588|1878
889|2757
832|4497
889|2697
890|5052
890|3770
777|1548
890|7305
8|9189
15|6922
890|4191
743|3790
890|4660
890|3777
890|6873
731|9978
890|5472
581|4809
891|6434
891|6901
891|8763
191|7616
704|2298
889|6889
891|9932
2|6607
86|4992
653|7279
669|6344
891|4092
586|4515
827|6463
891|6888
687|5534
892|4935
124|2136
892|1634
355|1866
697|6421
892|8745
505|5617
892|8709
129|9847
892|2586
289|9739
892|552
261|1587
355|9926
892|6474
849|761
892|4153
631|300
892|611
892|5652
535|8553
749|8606
892|4286
817|553
867|98
892|8444
816|6012
892|6187
445|4158
893|1452
893|5296
893|293
893|396
107|141
893|2642
183|4614
893|6122
458|8435
683|5750
893|5964
893|8431
636|7263
893|2787
893|5395
503|9409
893|3
893|1013
89|8858
894|6762
894|9380
894|3222
507|6465
581|2169
894|7647
581|1024
599|2931
894|8209
894|9986
517|3896
894|1607
357|1210
894|9617
652|2242
851|7234
894|9717
743|9878
895|377
89|3588
895|324
315|9079
895|4773
895|1233
742|8322
895|6306
813|9083
895|920
895|425
896|5542
46|2404
854|1112
896|1407
896|9974
896|7973
179|1225
896|1087
896|1229
5|164
896|3309
483|1127
559|1776
896|9894
373|1589
781|5599
896|9017
896|1483
15|8293
252|4974
437|3078
742|8657
897|7031
856|633
897|8421
684|3638
897|5924
897|5502
897|1727
897|6994
458|2514
898|1355
898|5132
898|7847
758|7241
898|2069
272|2606
898|5990
898|6658
593|2139
898|6646
577|9358
898|3617
63|4119
624|3420
898|235
707|9664
898|9977
170|3846
544|7963
877|4130
898|9022
898|874
898|2356
213|4209
898|2123
899|6312
177|6144
710|9776
899|1215
899|2886
899|693
149|2954
602|1415
809|5667
899|5611
899|1571
899|8517
899|3670
782|417
899|3409
899|102
258|2127
899|8423
899|8505
899|5971
899|6947
899|4107
900|2624
139|5328
900|7811
251|6480
322|1549
900|4247
900|5120
58|9187
501|6379
900|1921
58|880
330|8921
900|6194
282|451
900|223
128|4761
900|2832
900|5476
465|7994
901|7160
901|3718
491|6134
901|8612
901|6104
901|4437
538|7421
901|9901
635|2519
901|3264
901|3937
22|4398
901|2817
901|2533
788|7093
901|4166
901|3065
64|4076
118|8410
901|960
710|5574
901|7414
441|5921
902|1822
879|9823
902|3322
631|7320
902|6589
902|7561
557|7958
605|5497
902|8689
902|9100
817|8786
902|6509
902|218
902|6830
652|6101
903|1123
903|2945
398|5394
638|6993
903|1701
217|8828
804|2168
812|7302
903|1991
